{"type":"FeatureCollection","features":[{"type":"Feature","geometry":{"type":"Polygon","coordinates":[[[-73.989991,40.683319],[-73.989068,40.68468],[-73.988289,40.685871],[-73.986565,40.688407],[-73.984401,40.687567],[-73.983572,40.688786],[-73.982714,40.688456],[-73.9821,40.689356],[-73.980254,40.688637],[-73.980427,40.689899],[-73.979511,40.689861],[-73.978624,40.689839],[-73.977939,40.689806],[-73.975105,40.689695],[-73.973129,40.689623],[-73.973539,40.69171],[-73.973856,40.693285],[-73.974216,40.693302],[-73.979164,40.693489],[-73.97938,40.69389],[-73.979618,40.694115],[-73.979863,40.694291],[-73.980036,40.694478],[-73.980137,40.694697],[-73.98036,40.696179],[-73.979993,40.696201],[-73.979538,40.696174],[-73.979488,40.696481],[-73.980411,40.696558],[-73.980511,40.697448],[-73.980547,40.698249],[-73.980439,40.700181],[-73.980402,40.700697],[-73.980741,40.701279],[-73.980647,40.701559],[-73.980907,40.701861],[-73.980027,40.702141],[-73.980272,40.703041],[-73.97999,40.703541],[-73.979601,40.704178],[-73.979326,40.704748],[-73.979124,40.705528],[-73.979247,40.70555],[-73.979052,40.705967],[-73.979275,40.705918],[-73.979326,40.705764],[-73.979557,40.705742],[-73.980235,40.705764],[-73.98022,40.705852],[-73.98074,40.705858],[-73.980906,40.705907],[-73.980928,40.705369],[-73.982327,40.70555],[-73.982457,40.705506],[-73.982738,40.705572],[-73.983409,40.705468],[-73.983438,40.705644],[-73.984743,40.705545],[-73.986431,40.705348],[-73.986431,40.705068],[-73.986533,40.70498],[-73.986821,40.705145],[-73.987268,40.705178],[-73.987954,40.705134],[-73.988293,40.705068],[-73.9883,40.704541],[-73.988697,40.704563],[-73.988992,40.704689],[-73.989346,40.704728],[-73.98949,40.70481],[-73.990089,40.704942],[-73.990226,40.704936],[-73.990543,40.704415],[-73.990716,40.704349],[-73.990947,40.704031],[-73.991416,40.704003],[-73.991863,40.704086],[-73.992123,40.704399],[-73.99213,40.70469],[-73.992512,40.704695],[-73.992693,40.704629],[-73.993508,40.704624],[-73.993587,40.704509],[-73.993775,40.704448],[-73.993861,40.704558],[-73.994568,40.704377],[-73.994778,40.704245],[-73.99477,40.703954],[-73.994994,40.703652],[-73.994662,40.703433],[-73.995023,40.703147],[-73.995138,40.702972],[-73.997245,40.700139],[-73.997173,40.700106],[-73.997158,40.699793],[-73.997367,40.699634],[-73.997497,40.699639],[-73.998024,40.698761],[-73.998377,40.698064],[-73.998868,40.697158],[-73.998767,40.69712],[-73.998997,40.696812],[-73.999185,40.696884],[-73.999473,40.696703],[-73.999524,40.696576],[-73.999416,40.696357],[-74.000267,40.694968],[-74.0007,40.694386],[-74.000959,40.694068],[-74.001269,40.693294],[-74.001745,40.692404],[-74.001969,40.691844],[-74.001327,40.691466],[-74.0007,40.690609],[-74.000959,40.690126],[-74.001853,40.69039],[-74.001962,40.690137],[-74.002979,40.690428],[-74.003411,40.689616],[-74.003822,40.688929],[-74.004594,40.688216],[-74.005005,40.687606],[-74.005632,40.686783],[-74.005885,40.686195],[-74.00644,40.686289],[-74.007017,40.686525],[-74.007716,40.686267],[-74.007529,40.686075],[-74.007168,40.686355],[-74.005264,40.685784],[-74.004853,40.685669],[-74.004514,40.686322],[-74.002466,40.685795],[-74.002358,40.685734],[-74.001392,40.687749],[-74.000541,40.68748],[-73.99819,40.686701],[-73.994411,40.685454],[-73.994577,40.685098],[-73.99219,40.684181],[-73.989991,40.683319]]]},"properties":{"MODZCTA":"11201","label":"11201"}},{"type":"Feature","geometry":{"type":"Polygon","coordinates":[[[-73.946507,40.640104],[-73.944546,40.640224],[-73.944439,40.63951],[-73.94356,40.639564],[-73.943617,40.640284],[-73.942651,40.640344],[-73.942501,40.638966],[-73.937759,40.63926],[-73.937516,40.636921],[-73.935606,40.637041],[-73.935356,40.634768],[-73.934398,40.634828],[-73.934305,40.633883],[-73.934269,40.633675],[-73.933332,40.63402],[-73.933425,40.634882],[-73.932236,40.634964],[-73.931551,40.635325],[-73.929583,40.63634],[-73.925588,40.638423],[-73.924644,40.638977],[-73.923749,40.63958],[-73.923324,40.639899],[-73.921549,40.641347],[-73.919739,40.642778],[-73.921663,40.642653],[-73.921742,40.643383],[-73.920869,40.643998],[-73.919953,40.644705],[-73.919981,40.645035],[-73.920536,40.645002],[-73.920664,40.646446],[-73.920693,40.646665],[-73.920419,40.646682],[-73.920181,40.646929],[-73.92058,40.650706],[-73.921178,40.650668],[-73.921334,40.652518],[-73.920772,40.652556],[-73.920901,40.653626],[-73.921779,40.654423],[-73.923306,40.655802],[-73.924012,40.655753],[-73.924076,40.656483],[-73.924652,40.657005],[-73.925221,40.657494],[-73.925408,40.657681],[-73.926236,40.658417],[-73.926409,40.658587],[-73.927202,40.658538],[-73.927252,40.65934],[-73.928195,40.660175],[-73.928822,40.660746],[-73.930464,40.662218],[-73.931076,40.662789],[-73.931559,40.662757],[-73.931609,40.663558],[-73.93238,40.663498],[-73.940029,40.66302],[-73.942826,40.662845],[-73.942769,40.66206],[-73.942612,40.660611],[-73.947673,40.660295],[-73.947429,40.658033],[-73.947265,40.656436],[-73.947157,40.655596],[-73.947036,40.654339],[-73.946778,40.651852],[-73.946671,40.650946],[-73.946478,40.649101],[-73.947465,40.649041],[-73.947057,40.645248],[-73.94607,40.645313],[-73.94587,40.643425],[-73.946288,40.642903],[-73.946131,40.641092],[-73.946614,40.641065],[-73.946507,40.640104]]]},"properties":{"MODZCTA":"11203","label":"11203"}},{"type":"Feature","geometry":{"type":"Polygon","coordinates":[[[-73.972996,40.608812],[-73.973485,40.61137],[-73.973707,40.612572],[-73.973995,40.614032],[-73.974441,40.61642],[-73.974872,40.618644],[-73.97493,40.618995],[-73.975296,40.620911],[-73.975397,40.620768],[-73.977054,40.621532],[-73.976953,40.621631],[-73.975829,40.621109],[-73.976239,40.623085],[-73.976261,40.623157],[-73.976621,40.623118],[-73.976671,40.623371],[-73.976837,40.623481],[-73.9758,40.623596],[-73.976231,40.625978],[-73.976576,40.627576],[-73.976792,40.627543],[-73.977527,40.627977],[-73.977779,40.628191],[-73.978997,40.628921],[-73.979609,40.6293],[-73.979407,40.629399],[-73.979184,40.629382],[-73.977707,40.629975],[-73.977281,40.630524],[-73.977166,40.630749],[-73.978153,40.630282],[-73.978312,40.631276],[-73.980141,40.632352],[-73.979558,40.632912],[-73.978513,40.632303],[-73.978772,40.63367],[-73.978974,40.633477],[-73.98143,40.634955],[-73.983182,40.633281],[-73.984342,40.632155],[-73.988342,40.628319],[-73.989005,40.627676],[-73.996391,40.620584],[-73.997284,40.619711],[-73.998458,40.618597],[-73.999027,40.618032],[-73.999272,40.61818],[-73.999489,40.617406],[-73.999618,40.617472],[-74.000821,40.616313],[-73.998372,40.614831],[-73.993971,40.612174],[-73.994597,40.61157],[-73.992393,40.610242],[-73.991767,40.610846],[-73.991608,40.610752],[-73.991709,40.61028],[-73.989901,40.609193],[-73.988093,40.608095],[-73.98738,40.608128],[-73.988425,40.607118],[-73.987258,40.607244],[-73.984406,40.607562],[-73.983476,40.607661],[-73.978701,40.608187],[-73.974998,40.608598],[-73.972996,40.608812]]]},"properties":{"MODZCTA":"11204","label":"11204"}},{"type":"Feature","geometry":{"type":"Polygon","coordinates":[[[-73.97269,40.687417],[-73.971723,40.687526],[-73.972134,40.689579],[-73.971146,40.689546],[-73.970764,40.687636],[-73.967786,40.687986],[-73.966819,40.68809],[-73.964807,40.688326],[-73.965189,40.689781],[-73.963321,40.69],[-73.960292,40.690344],[-73.960004,40.688879],[-73.95722,40.689201],[-73.957134,40.688466],[-73.954804,40.688728],[-73.954739,40.689107],[-73.95176,40.689485],[-73.951537,40.689594],[-73.951443,40.68977],[-73.951831,40.691703],[-73.952054,40.692795],[-73.95219,40.693525],[-73.952492,40.695002],[-73.952966,40.697423],[-73.953369,40.699405],[-73.957019,40.698973],[-73.9602,40.698463],[-73.962328,40.698118],[-73.964874,40.697713],[-73.965776,40.697636],[-73.966742,40.697669],[-73.967731,40.697719],[-73.969728,40.697802],[-73.97332,40.69794],[-73.973269,40.69884],[-73.973197,40.699252],[-73.972649,40.699592],[-73.973593,40.700432],[-73.975549,40.699209],[-73.97619,40.699818],[-73.975931,40.70001],[-73.975815,40.700246],[-73.976298,40.700532],[-73.976767,40.700922],[-73.975894,40.701899],[-73.976161,40.702173],[-73.976644,40.702497],[-73.977293,40.703189],[-73.977509,40.703195],[-73.977213,40.704216],[-73.977357,40.704177],[-73.978021,40.704293],[-73.978165,40.704529],[-73.978439,40.704869],[-73.978591,40.704979],[-73.978424,40.705555],[-73.978648,40.705594],[-73.978684,40.705456],[-73.979124,40.705528],[-73.979326,40.704748],[-73.979601,40.704178],[-73.97999,40.703541],[-73.980272,40.703041],[-73.980027,40.702141],[-73.980907,40.701861],[-73.980647,40.701559],[-73.980741,40.701279],[-73.980402,40.700697],[-73.980439,40.700181],[-73.980547,40.698249],[-73.980511,40.697448],[-73.980411,40.696558],[-73.979488,40.696481],[-73.979538,40.696174],[-73.979993,40.696201],[-73.98036,40.696179],[-73.980137,40.694697],[-73.980036,40.694478],[-73.979863,40.694291],[-73.979618,40.694115],[-73.97938,40.69389],[-73.979164,40.693489],[-73.974216,40.693302],[-73.973856,40.693285],[-73.973539,40.69171],[-73.973129,40.689623],[-73.97269,40.687417]]]},"properties":{"MODZCTA":"11205","label":"11205"}},{"type":"Feature","geometry":{"type":"Polygon","coordinates":[[[-73.945643,40.692035],[-73.942808,40.692357],[-73.939966,40.692685],[-73.940117,40.693415],[-73.937196,40.693754],[-73.937052,40.693018],[-73.934131,40.693352],[-73.934799,40.696739],[-73.935224,40.696986],[-73.934005,40.697117],[-73.933247,40.697858],[-73.93298,40.697968],[-73.932792,40.697797],[-73.932295,40.697923],[-73.93026,40.698531],[-73.929965,40.698251],[-73.927799,40.699584],[-73.929032,40.700287],[-73.927588,40.701763],[-73.929087,40.70262],[-73.930594,40.703472],[-73.931156,40.703774],[-73.931307,40.704258],[-73.931896,40.706355],[-73.932083,40.707052],[-73.932299,40.70775],[-73.933602,40.710671],[-73.93389,40.711335],[-73.934257,40.71212],[-73.934804,40.713372],[-73.938318,40.712523],[-73.937684,40.711184],[-73.940311,40.710521],[-73.940476,40.711564],[-73.940685,40.711965],[-73.942229,40.711801],[-73.942107,40.71106],[-73.943788,40.710901],[-73.94391,40.711642],[-73.945598,40.711484],[-73.945476,40.710743],[-73.947107,40.71059],[-73.947243,40.711326],[-73.951117,40.710954],[-73.950873,40.709516],[-73.950406,40.706655],[-73.950234,40.705475],[-73.951901,40.704416],[-73.952536,40.704982],[-73.954441,40.703748],[-73.953814,40.703182],[-73.957458,40.700823],[-73.957227,40.699999],[-73.957019,40.698973],[-73.953369,40.699405],[-73.952966,40.697423],[-73.952492,40.695002],[-73.95219,40.693525],[-73.952054,40.692795],[-73.951831,40.691703],[-73.948556,40.692091],[-73.948621,40.692437],[-73.945786,40.692765],[-73.945643,40.692035]]]},"properties":{"MODZCTA":"11206","label":"11206"}},{"type":"Feature","geometry":{"type":"Polygon","coordinates":[[[-73.903476,40.675505],[-73.90344,40.675379],[-73.902659,40.672195],[-73.902286,40.670937],[-73.901985,40.669669],[-73.90167,40.668411],[-73.901268,40.666879],[-73.900852,40.665348],[-73.900415,40.663805],[-73.901453,40.663657],[-73.901052,40.662125],[-73.900658,40.660588],[-73.900146,40.660653],[-73.899886,40.660642],[-73.899655,40.660735],[-73.899218,40.65911],[-73.89881,40.657408],[-73.899041,40.65737],[-73.898869,40.656711],[-73.898596,40.655827],[-73.898137,40.654042],[-73.898001,40.6538],[-73.897612,40.653454],[-73.895566,40.653079],[-73.8934,40.650931],[-73.892743,40.651353],[-73.891365,40.652367],[-73.890004,40.651147],[-73.889593,40.651339],[-73.888764,40.651689],[-73.887134,40.652396],[-73.886376,40.652736],[-73.884652,40.653453],[-73.882214,40.654521],[-73.8822,40.654444],[-73.881725,40.653752],[-73.878447,40.649346],[-73.878,40.649505],[-73.876802,40.649986],[-73.876722,40.650376],[-73.876765,40.650563],[-73.879109,40.653705],[-73.879239,40.653738],[-73.879721,40.654376],[-73.879641,40.654496],[-73.879331,40.654622],[-73.879216,40.654589],[-73.87905,40.654649],[-73.879733,40.655561],[-73.878117,40.656262],[-73.875772,40.65727],[-73.875801,40.657319],[-73.8775,40.65837],[-73.876721,40.658704],[-73.87775,40.660077],[-73.878594,40.659699],[-73.879679,40.661172],[-73.878835,40.661533],[-73.879907,40.662978],[-73.881022,40.664511],[-73.882503,40.666467],[-73.883203,40.666374],[-73.883596,40.667906],[-73.882782,40.668026],[-73.883892,40.672353],[-73.884214,40.673621],[-73.885029,40.673501],[-73.885351,40.67477],[-73.884536,40.67489],[-73.884851,40.676131],[-73.885288,40.677778],[-73.885086,40.677833],[-73.886304,40.682588],[-73.886504,40.683351],[-73.888193,40.682557],[-73.888928,40.683123],[-73.889625,40.684238],[-73.890158,40.685001],[-73.891659,40.684042],[-73.892583,40.683494],[-73.894174,40.685285],[-73.895308,40.684078],[-73.895778,40.683497],[-73.896204,40.682894],[-73.89637,40.682597],[-73.896529,40.682405],[-73.901165,40.687877],[-73.900422,40.688184],[-73.901889,40.691078],[-73.901398,40.691588],[-73.902075,40.692],[-73.903592,40.690404],[-73.908852,40.693406],[-73.913193,40.688979],[-73.914644,40.687509],[-73.916045,40.686072],[-73.914539,40.685225],[-73.912276,40.683933],[-73.911512,40.683505],[-73.911816,40.683181],[-73.911665,40.682445],[-73.910028,40.682658],[-73.908515,40.681806],[-73.907016,40.680948],[-73.905496,40.680036],[-73.90479,40.679651],[-73.903493,40.678898],[-73.90358,40.678882],[-73.903393,40.678036],[-73.903314,40.677871],[-73.90436,40.677927],[-73.90426,40.677158],[-73.903351,40.677114],[-73.903469,40.675884],[-73.902877,40.675823],[-73.902921,40.675686],[-73.903476,40.675505]]]},"properties":{"MODZCTA":"11207","label":"11207"}},{"type":"Feature","geometry":{"type":"MultiPolygon","coordinates":[[[[-73.873904,40.646366],[-73.873955,40.646443],[-73.876722,40.650321],[-73.876722,40.650376],[-73.876802,40.649986],[-73.878,40.649505],[-73.878447,40.649346],[-73.877749,40.648406],[-73.876103,40.646214],[-73.874583,40.645609],[-73.873904,40.646366]]],[[[-73.857226,40.650277],[-73.860015,40.653975],[-73.860496,40.654557],[-73.86087,40.655079],[-73.860992,40.655211],[-73.861735,40.655294],[-73.862642,40.655669],[-73.862973,40.656004],[-73.863203,40.65635],[-73.863066,40.656333],[-73.863001,40.656652],[-73.863036,40.656745],[-73.863274,40.656965],[-73.862992,40.657283],[-73.862999,40.657486],[-73.862696,40.657617],[-73.86317,40.658277],[-73.861749,40.658939],[-73.861222,40.659219],[-73.860363,40.659646],[-73.85939,40.659771],[-73.858517,40.659902],[-73.857616,40.66012],[-73.858023,40.661723],[-73.858116,40.662036],[-73.858431,40.663453],[-73.856592,40.663747],[-73.855683,40.663867],[-73.856119,40.665509],[-73.856462,40.667041],[-73.856676,40.667925],[-73.857227,40.670094],[-73.857634,40.671654],[-73.858558,40.671534],[-73.859474,40.671381],[-73.860382,40.671251],[-73.860776,40.672805],[-73.861319,40.675023],[-73.862027,40.677884],[-73.862349,40.679164],[-73.863286,40.679077],[-73.863987,40.681927],[-73.864101,40.682372],[-73.864996,40.682131],[-73.866021,40.681918],[-73.866299,40.683187],[-73.866506,40.684471],[-73.866598,40.685267],[-73.86687,40.686333],[-73.86702,40.686832],[-73.867457,40.688403],[-73.867772,40.689803],[-73.868057,40.691181],[-73.868593,40.693883],[-73.868686,40.694037],[-73.868425,40.694717],[-73.868915,40.695146],[-73.87004,40.694944],[-73.874023,40.694191],[-73.87951,40.691145],[-73.882269,40.689039],[-73.883778,40.687866],[-73.884523,40.686687],[-73.887287,40.685624],[-73.88808,40.685296],[-73.889091,40.684638],[-73.889625,40.684238],[-73.888928,40.683123],[-73.888193,40.682557],[-73.886504,40.683351],[-73.886304,40.682588],[-73.885086,40.677833],[-73.885288,40.677778],[-73.884851,40.676131],[-73.884536,40.67489],[-73.885351,40.67477],[-73.885029,40.673501],[-73.884214,40.673621],[-73.883892,40.672353],[-73.882782,40.668026],[-73.883596,40.667906],[-73.883203,40.666374],[-73.882503,40.666467],[-73.881022,40.664511],[-73.879907,40.662978],[-73.878835,40.661533],[-73.879679,40.661172],[-73.878594,40.659699],[-73.87775,40.660077],[-73.876721,40.658704],[-73.8775,40.65837],[-73.875801,40.657319],[-73.875772,40.65727],[-73.878117,40.656262],[-73.879733,40.655561],[-73.87905,40.654649],[-73.879216,40.654589],[-73.876296,40.650639],[-73.876232,40.650557],[-73.873521,40.646876],[-73.873378,40.646716],[-73.872573,40.645574],[-73.872119,40.645425],[-73.871982,40.645447],[-73.871571,40.645413],[-73.871189,40.645303],[-73.870614,40.644858],[-73.870017,40.644072],[-73.869911,40.643276],[-73.868676,40.640925],[-73.867323,40.63987],[-73.867027,40.639853],[-73.86531,40.640751],[-73.865094,40.640937],[-73.864394,40.641414],[-73.863802,40.641798],[-73.863311,40.642297],[-73.862893,40.642549],[-73.862013,40.642888],[-73.861306,40.642997],[-73.860528,40.643073],[-73.859735,40.643116],[-73.859201,40.643176],[-73.858682,40.643263],[-73.858163,40.643377],[-73.857658,40.643514],[-73.857168,40.643678],[-73.858378,40.647275],[-73.857836,40.648301],[-73.857705,40.648746],[-73.857595,40.649399],[-73.857551,40.649931],[-73.857435,40.650156],[-73.857226,40.650277]]]]},"properties":{"MODZCTA":"11208","label":"11208"}},{"type":"Feature","geometry":{"type":"Polygon","coordinates":[[[-74.019425,40.602873],[-74.019231,40.603104],[-74.018712,40.603582],[-74.01823,40.604109],[-74.018179,40.604251],[-74.01751,40.60485],[-74.017466,40.604965],[-74.015501,40.606843],[-74.017021,40.607655],[-74.017359,40.607326],[-74.017669,40.607079],[-74.017928,40.606952],[-74.018439,40.606881],[-74.019376,40.606991],[-74.019858,40.607084],[-74.020161,40.607172],[-74.02073,40.607391],[-74.021263,40.607665],[-74.021508,40.607825],[-74.024303,40.609454],[-74.024534,40.609762],[-74.024599,40.610108],[-74.024577,40.610223],[-74.0228,40.614582],[-74.025048,40.615707],[-74.025652,40.614828],[-74.026667,40.612995],[-74.026408,40.612907],[-74.026588,40.612599],[-74.02653,40.612424],[-74.027546,40.61294],[-74.026517,40.614669],[-74.02625,40.615103],[-74.02607,40.615487],[-74.025747,40.616058],[-74.02525,40.616678],[-74.024623,40.617387],[-74.023637,40.61854],[-74.022873,40.619468],[-74.022276,40.62011],[-74.021174,40.621258],[-74.020626,40.621807],[-74.020605,40.621927],[-74.02036,40.622125],[-74.020086,40.622422],[-74.019704,40.622186],[-74.019078,40.623613],[-74.01879,40.624222],[-74.01784,40.626589],[-74.016925,40.628834],[-74.016644,40.629575],[-74.016342,40.630283],[-74.016047,40.631035],[-74.016969,40.631617],[-74.018533,40.632336],[-74.021012,40.633466],[-74.021603,40.63334],[-74.023267,40.634103],[-74.023152,40.634257],[-74.02352,40.634613],[-74.026042,40.635744],[-74.028658,40.636544],[-74.032089,40.637614],[-74.033884,40.638168],[-74.035959,40.638821],[-74.036067,40.638458],[-74.03611,40.638085],[-74.036074,40.637305],[-74.036218,40.637047],[-74.036607,40.63657],[-74.037248,40.635988],[-74.038429,40.635685],[-74.039293,40.633884],[-74.040157,40.632018],[-74.040754,40.630694],[-74.040948,40.630458],[-74.041085,40.630101],[-74.041092,40.629728],[-74.041279,40.62902],[-74.04143,40.62807],[-74.041644,40.626012],[-74.04168,40.625386],[-74.041874,40.624518],[-74.041881,40.623931],[-74.041801,40.623552],[-74.041708,40.623305],[-74.041693,40.6228],[-74.04175,40.62246],[-74.041671,40.622092],[-74.041577,40.621274],[-74.041627,40.620774],[-74.041619,40.62056],[-74.041533,40.620269],[-74.041374,40.619995],[-74.041128,40.618787],[-74.040731,40.617053],[-74.040478,40.615626],[-74.040384,40.61534],[-74.040233,40.615027],[-74.039822,40.614325],[-74.039209,40.613441],[-74.038733,40.612942],[-74.037054,40.611383],[-74.036773,40.610999],[-74.036506,40.610445],[-74.036297,40.609808],[-74.036116,40.609396],[-74.036037,40.609298],[-74.035684,40.609029],[-74.035259,40.608864],[-74.034956,40.608661],[-74.034646,40.608326],[-74.034495,40.608041],[-74.034272,40.607717],[-74.033594,40.607081],[-74.032708,40.606329],[-74.032131,40.605901],[-74.031793,40.60578],[-74.031015,40.605253],[-74.030049,40.604759],[-74.029307,40.6046],[-74.025144,40.604085],[-74.021507,40.603614],[-74.021175,40.603581],[-74.0207,40.603482],[-74.020397,40.603384],[-74.019749,40.603087],[-74.019425,40.602873]]]},"properties":{"MODZCTA":"11209","label":"11209"}},{"type":"Feature","geometry":{"type":"Polygon","coordinates":[[[-73.944826,40.616048],[-73.944674,40.616163],[-73.943961,40.616816],[-73.94347,40.617387],[-73.943196,40.617677],[-73.942418,40.618594],[-73.942661,40.619917],[-73.940802,40.620124],[-73.940845,40.620448],[-73.939987,40.621162],[-73.940267,40.622622],[-73.937227,40.622961],[-73.937176,40.623092],[-73.935612,40.623569],[-73.93546,40.623876],[-73.936915,40.625244],[-73.935178,40.625068],[-73.934336,40.62488],[-73.933434,40.625681],[-73.933648,40.627811],[-73.934614,40.627752],[-73.934871,40.63009],[-73.933898,40.63015],[-73.934148,40.632494],[-73.935114,40.632429],[-73.935213,40.633412],[-73.934305,40.633883],[-73.934398,40.634828],[-73.935356,40.634768],[-73.935606,40.637041],[-73.937516,40.636921],[-73.937759,40.63926],[-73.942501,40.638966],[-73.942651,40.640344],[-73.943617,40.640284],[-73.94356,40.639564],[-73.944439,40.63951],[-73.944546,40.640224],[-73.946507,40.640104],[-73.949382,40.639929],[-73.949232,40.638546],[-73.950176,40.638508],[-73.951163,40.638448],[-73.95308,40.638449],[-73.953599,40.638422],[-73.954276,40.639114],[-73.955833,40.638368],[-73.955697,40.637626],[-73.9584,40.636326],[-73.958199,40.635289],[-73.957168,40.635404],[-73.95673,40.633005],[-73.956364,40.631187],[-73.956551,40.630973],[-73.956623,40.630787],[-73.956623,40.630589],[-73.957301,40.630513],[-73.957121,40.629585],[-73.956084,40.629689],[-73.955366,40.625846],[-73.954906,40.623452],[-73.955944,40.623343],[-73.955367,40.623178],[-73.955023,40.621355],[-73.955383,40.621317],[-73.95534,40.621081],[-73.955491,40.620949],[-73.954454,40.621064],[-73.954002,40.61867],[-73.953557,40.616282],[-73.954025,40.616233],[-73.953494,40.61357],[-73.953047,40.613619],[-73.952588,40.611111],[-73.951666,40.611313],[-73.95163,40.611121],[-73.950708,40.611252],[-73.950779,40.611637],[-73.949965,40.612317],[-73.950266,40.613926],[-73.949308,40.61403],[-73.949122,40.613052],[-73.94825,40.613634],[-73.948343,40.614139],[-73.947723,40.614172],[-73.947428,40.614226],[-73.94657,40.614791],[-73.946993,40.617004],[-73.946064,40.617102],[-73.945734,40.615362],[-73.944826,40.616048]]]},"properties":{"MODZCTA":"11210","label":"11210"}},{"type":"Feature","geometry":{"type":"MultiPolygon","coordinates":[[[[-73.955682,40.723944],[-73.954514,40.723224],[-73.955141,40.724328],[-73.955394,40.724213],[-73.955682,40.723944]]],[[[-73.923077,40.71639],[-73.923171,40.716478],[-73.923228,40.716697],[-73.923415,40.717071],[-73.923639,40.717323],[-73.923956,40.717532],[-73.9241,40.71767],[-73.924489,40.717911],[-73.924648,40.717955],[-73.924958,40.717901],[-73.92594,40.717676],[-73.925954,40.717693],[-73.928098,40.717129],[-73.928249,40.717101],[-73.928747,40.716827],[-73.928899,40.716575],[-73.928439,40.715531],[-73.929254,40.715329],[-73.929312,40.715279],[-73.929918,40.715148],[-73.930849,40.714902],[-73.931051,40.714611],[-73.93095,40.714364],[-73.929601,40.714725],[-73.928511,40.714993],[-73.926924,40.715399],[-73.923077,40.71639]]],[[[-73.957019,40.698973],[-73.957227,40.699999],[-73.957458,40.700823],[-73.953814,40.703182],[-73.954441,40.703748],[-73.952536,40.704982],[-73.951901,40.704416],[-73.950234,40.705475],[-73.950406,40.706655],[-73.950873,40.709516],[-73.951117,40.710954],[-73.947243,40.711326],[-73.947107,40.71059],[-73.945476,40.710743],[-73.945598,40.711484],[-73.94391,40.711642],[-73.943788,40.710901],[-73.942107,40.71106],[-73.942229,40.711801],[-73.940685,40.711965],[-73.940476,40.711564],[-73.940311,40.710521],[-73.937684,40.711184],[-73.938318,40.712523],[-73.934804,40.713372],[-73.93318,40.7138],[-73.931369,40.714254],[-73.931427,40.71438],[-73.931592,40.714397],[-73.931751,40.714743],[-73.93214,40.714677],[-73.932234,40.714864],[-73.932104,40.715045],[-73.93183,40.715171],[-73.931491,40.715209],[-73.9303,40.715511],[-73.929578,40.715675],[-73.929463,40.71573],[-73.929333,40.715977],[-73.929318,40.716114],[-73.929505,40.716498],[-73.929505,40.716592],[-73.929707,40.717047],[-73.929569,40.717223],[-73.929201,40.717404],[-73.929143,40.717508],[-73.928869,40.717727],[-73.928379,40.717579],[-73.926387,40.718083],[-73.926156,40.718099],[-73.925088,40.718384],[-73.924813,40.718488],[-73.924691,40.718724],[-73.924538,40.719344],[-73.924531,40.719668],[-73.924747,40.719987],[-73.924819,40.720267],[-73.925613,40.720064],[-73.927203,40.723655],[-73.927793,40.724924],[-73.927801,40.725011],[-73.929266,40.724628],[-73.930868,40.724223],[-73.935588,40.72299],[-73.935286,40.722321],[-73.935041,40.721667],[-73.936506,40.721245],[-73.935289,40.718522],[-73.936127,40.718325],[-73.936949,40.7181],[-73.937259,40.718792],[-73.938673,40.718485],[-73.940239,40.718118],[-73.940341,40.71786],[-73.940419,40.718338],[-73.940592,40.719205],[-73.942475,40.71902],[-73.945318,40.718758],[-73.946321,40.718621],[-73.946754,40.71861],[-73.94679,40.718824],[-73.947216,40.718561],[-73.948413,40.718457],[-73.950066,40.718299],[-73.950181,40.719007],[-73.950648,40.721708],[-73.951649,40.723487],[-73.954754,40.720601],[-73.956038,40.721397],[-73.955077,40.722281],[-73.954774,40.722462],[-73.956274,40.72339],[-73.955682,40.723944],[-73.956151,40.724241],[-73.957572,40.725098],[-73.957717,40.724285],[-73.958143,40.724406],[-73.95833,40.724412],[-73.960365,40.725049],[-73.96043,40.725115],[-73.961165,40.725264],[-73.961534,40.72511],[-73.961901,40.725319],[-73.962118,40.725149],[-73.961656,40.724863],[-73.961895,40.724105],[-73.96201,40.72399],[-73.962256,40.723535],[-73.962754,40.722399],[-73.962964,40.722036],[-73.96344,40.721559],[-73.963563,40.721537],[-73.963996,40.720939],[-73.96409,40.720758],[-73.96448,40.720231],[-73.964466,40.720066],[-73.964906,40.72033],[-73.965137,40.720346],[-73.965375,40.720094],[-73.965382,40.719957],[-73.965548,40.71966],[-73.965397,40.719567],[-73.965289,40.719364],[-73.965152,40.71927],[-73.965527,40.718903],[-73.9657,40.718919],[-73.966148,40.718502],[-73.966076,40.718398],[-73.966242,40.71825],[-73.96635,40.718304],[-73.967267,40.716987],[-73.967115,40.716899],[-73.967267,40.716669],[-73.968011,40.715121],[-73.968848,40.713227],[-73.968509,40.713107],[-73.968574,40.712947],[-73.968784,40.712755],[-73.968943,40.71242],[-73.968842,40.712387],[-73.968885,40.712179],[-73.969145,40.711454],[-73.969232,40.711432],[-73.969318,40.711092],[-73.969419,40.710938],[-73.969694,40.710845],[-73.969809,40.710735],[-73.969629,40.710658],[-73.969687,40.710494],[-73.970011,40.710521],[-73.96999,40.710384],[-73.969687,40.710324],[-73.969615,40.710148],[-73.96994,40.709303],[-73.969846,40.708002],[-73.969291,40.707096],[-73.969234,40.705992],[-73.9693,40.705087],[-73.967475,40.70395],[-73.967519,40.703439],[-73.96762,40.703346],[-73.97018,40.704928],[-73.971225,40.70579],[-73.97222,40.706504],[-73.972552,40.706207],[-73.973476,40.705686],[-73.973404,40.705302],[-73.971017,40.703813],[-73.97093,40.703627],[-73.971104,40.703462],[-73.971457,40.703506],[-73.972157,40.703973],[-73.972315,40.703847],[-73.968984,40.701749],[-73.968933,40.701617],[-73.969244,40.701365],[-73.972669,40.703501],[-73.972842,40.703347],[-73.969489,40.700519],[-73.969828,40.700245],[-73.972835,40.702727],[-73.973326,40.702414],[-73.972511,40.701662],[-73.97254,40.701634],[-73.970802,40.700097],[-73.970781,40.699976],[-73.970983,40.699855],[-73.971141,40.699916],[-73.972843,40.701437],[-73.973189,40.701668],[-73.973759,40.701536],[-73.973535,40.701327],[-73.973521,40.701223],[-73.973269,40.701053],[-73.97262,40.700465],[-73.972389,40.700169],[-73.972577,40.700081],[-73.97293,40.700295],[-73.973557,40.700866],[-73.973759,40.70108],[-73.973889,40.701086],[-73.974112,40.701305],[-73.974322,40.701196],[-73.975361,40.699582],[-73.975469,40.699527],[-73.97575,40.699593],[-73.975801,40.699752],[-73.974552,40.701591],[-73.975403,40.70191],[-73.975591,40.701816],[-73.975894,40.701899],[-73.976767,40.700922],[-73.976298,40.700532],[-73.975815,40.700246],[-73.975931,40.70001],[-73.97619,40.699818],[-73.975549,40.699209],[-73.973593,40.700432],[-73.972649,40.699592],[-73.973197,40.699252],[-73.973269,40.69884],[-73.97332,40.69794],[-73.969728,40.697802],[-73.967731,40.697719],[-73.966742,40.697669],[-73.965776,40.697636],[-73.964874,40.697713],[-73.962328,40.698118],[-73.9602,40.698463],[-73.957019,40.698973]]]]},"properties":{"MODZCTA":"11211","label":"11211, 11249"}},{"type":"Feature","geometry":{"type":"Polygon","coordinates":[[[-73.921779,40.654423],[-73.921007,40.654916],[-73.920431,40.6544],[-73.919155,40.654361],[-73.918471,40.653745],[-73.917577,40.654316],[-73.915905,40.654243],[-73.913526,40.654159],[-73.912229,40.654136],[-73.910708,40.654179],[-73.909742,40.65431],[-73.906923,40.654736],[-73.90414,40.655145],[-73.903181,40.655309],[-73.902619,40.655556],[-73.902301,40.65578],[-73.901183,40.656515],[-73.900649,40.657042],[-73.90049,40.657151],[-73.899891,40.657277],[-73.899041,40.65737],[-73.89881,40.657408],[-73.899218,40.65911],[-73.899655,40.660735],[-73.899886,40.660642],[-73.900146,40.660653],[-73.900658,40.660588],[-73.901052,40.662125],[-73.901453,40.663657],[-73.900415,40.663805],[-73.900852,40.665348],[-73.901268,40.666879],[-73.90167,40.668411],[-73.901985,40.669669],[-73.902286,40.670937],[-73.902659,40.672195],[-73.90344,40.675379],[-73.903476,40.675505],[-73.904385,40.675204],[-73.904508,40.675051],[-73.905237,40.674727],[-73.907466,40.673763],[-73.908418,40.673314],[-73.909255,40.672947],[-73.911102,40.672185],[-73.911333,40.672075],[-73.913086,40.671308],[-73.913201,40.671401],[-73.914174,40.671457],[-73.914182,40.671166],[-73.914038,40.670897],[-73.914875,40.67053],[-73.915048,40.670607],[-73.916958,40.670713],[-73.917023,40.670685],[-73.917111,40.669818],[-73.918891,40.669918],[-73.919966,40.669474],[-73.920046,40.669139],[-73.918568,40.669056],[-73.918381,40.669001],[-73.919232,40.668634],[-73.91942,40.668398],[-73.919953,40.668321],[-73.920148,40.668228],[-73.922218,40.667335],[-73.924245,40.666447],[-73.929056,40.664353],[-73.930686,40.663618],[-73.931609,40.663558],[-73.931559,40.662757],[-73.931076,40.662789],[-73.930464,40.662218],[-73.928822,40.660746],[-73.928195,40.660175],[-73.927252,40.65934],[-73.927202,40.658538],[-73.926409,40.658587],[-73.926236,40.658417],[-73.925408,40.657681],[-73.925221,40.657494],[-73.924652,40.657005],[-73.924076,40.656483],[-73.924012,40.655753],[-73.923306,40.655802],[-73.921779,40.654423]]]},"properties":{"MODZCTA":"11212","label":"11212"}},{"type":"Feature","geometry":{"type":"Polygon","coordinates":[[[-73.940029,40.66302],[-73.93238,40.663498],[-73.931609,40.663558],[-73.930686,40.663618],[-73.929056,40.664353],[-73.924245,40.666447],[-73.924691,40.667468],[-73.925022,40.667973],[-73.925324,40.66827],[-73.92531,40.668484],[-73.925605,40.668506],[-73.925489,40.669434],[-73.925416,40.670279],[-73.925292,40.671531],[-73.925124,40.673397],[-73.924993,40.674736],[-73.926723,40.674825],[-73.927761,40.674886],[-73.927688,40.67566],[-73.930457,40.675821],[-73.930311,40.677309],[-73.930325,40.677512],[-73.930274,40.67783],[-73.930065,40.678258],[-73.929812,40.678549],[-73.929054,40.679279],[-73.931326,40.679368],[-73.932897,40.679484],[-73.934873,40.679595],[-73.937397,40.679728],[-73.941211,40.679939],[-73.941386,40.677919],[-73.941538,40.67642],[-73.941755,40.676437],[-73.941928,40.676064],[-73.944041,40.67607],[-73.944178,40.675785],[-73.944748,40.675813],[-73.944661,40.676104],[-73.94479,40.67623],[-73.94709,40.676544],[-73.947316,40.674161],[-73.94773,40.669715],[-73.948065,40.666142],[-73.945304,40.665987],[-73.942528,40.665837],[-73.942696,40.664053],[-73.942263,40.663806],[-73.94217,40.663504],[-73.939978,40.663453],[-73.940029,40.66302]]]},"properties":{"MODZCTA":"11213","label":"11213"}},{"type":"Feature","geometry":{"type":"Polygon","coordinates":[[[-74.014786,40.602084],[-74.013022,40.601568],[-74.012366,40.601348],[-74.011178,40.600843],[-74.010169,40.600349],[-74.009219,40.599844],[-74.007749,40.598933],[-74.005524,40.597539],[-74.003637,40.596079],[-74.003126,40.595601],[-74.002823,40.595261],[-74.00242,40.594728],[-74.002189,40.594355],[-74.001844,40.593976],[-74.00193,40.593894],[-74.001642,40.593482],[-74.001059,40.592538],[-74.000302,40.592807],[-73.998545,40.593598],[-73.998387,40.593532],[-73.998977,40.593307],[-73.999482,40.592972],[-73.999453,40.592824],[-73.999301,40.59256],[-73.999028,40.592313],[-73.999309,40.592181],[-74.000058,40.591715],[-74.00023,40.591533],[-74.000173,40.591325],[-73.999863,40.591127],[-73.999561,40.5911],[-73.999165,40.591149],[-73.998567,40.591495],[-73.997552,40.591918],[-73.997285,40.591715],[-73.997156,40.591555],[-73.997112,40.591275],[-73.99776,40.590952],[-73.998445,40.590238],[-73.998783,40.590232],[-73.998553,40.590018],[-73.99838,40.589771],[-73.999467,40.589233],[-73.999237,40.588937],[-73.998675,40.589195],[-73.99802,40.588426],[-73.997883,40.588344],[-73.995463,40.589497],[-73.99488,40.588772],[-73.995154,40.588629],[-73.994974,40.588503],[-73.994218,40.588871],[-73.994081,40.588695],[-73.995658,40.587938],[-73.9956,40.587844],[-73.994232,40.588437],[-73.994175,40.588382],[-73.998142,40.586532],[-73.998776,40.586483],[-73.999359,40.586379],[-73.999568,40.586241],[-73.999633,40.586071],[-73.999525,40.585758],[-73.999287,40.58555],[-73.998092,40.585473],[-73.998085,40.585363],[-73.998459,40.585286],[-73.99879,40.585155],[-73.998985,40.585017],[-73.999338,40.584858],[-73.999633,40.584633],[-73.999856,40.584545],[-74.00036,40.584188],[-74.000439,40.584051],[-74.000418,40.583546],[-74.00031,40.583178],[-74.00018,40.583074],[-73.997811,40.582607],[-73.997394,40.582432],[-73.996724,40.582256],[-73.996227,40.582201],[-73.996054,40.58213],[-73.995334,40.582261],[-73.995154,40.582426],[-73.994953,40.582459],[-73.994643,40.58264],[-73.994189,40.582766],[-73.993549,40.583063],[-73.993052,40.583365],[-73.992886,40.583425],[-73.992677,40.58359],[-73.990978,40.584353],[-73.990265,40.584622],[-73.990344,40.584451],[-73.990337,40.584221],[-73.991698,40.58186],[-73.991828,40.58174],[-73.991828,40.581504],[-73.991684,40.581383],[-73.991742,40.581202],[-73.991634,40.581081],[-73.991194,40.581026],[-73.989956,40.580664],[-73.989697,40.580422],[-73.989538,40.580417],[-73.989135,40.580213],[-73.988905,40.58001],[-73.988581,40.579818],[-73.988257,40.579736],[-73.988106,40.579642],[-73.987962,40.57967],[-73.987731,40.579818],[-73.987573,40.580032],[-73.98735,40.580608],[-73.98704,40.581037],[-73.986845,40.581234],[-73.986046,40.581723],[-73.985953,40.581772],[-73.985787,40.581212],[-73.983929,40.582908],[-73.983612,40.582985],[-73.983648,40.583199],[-73.983317,40.583199],[-73.983079,40.583128],[-73.98264,40.582864],[-73.982813,40.583792],[-73.983273,40.586185],[-73.983467,40.587261],[-73.984093,40.590566],[-73.984258,40.591565],[-73.984639,40.593553],[-73.984675,40.593657],[-73.985064,40.595672],[-73.985481,40.597873],[-73.985668,40.598911],[-73.985877,40.599959],[-73.986057,40.600958],[-73.986459,40.603011],[-73.986646,40.604043],[-73.987482,40.604538],[-73.986848,40.605097],[-73.987258,40.607244],[-73.988425,40.607118],[-73.98738,40.608128],[-73.988093,40.608095],[-73.989901,40.609193],[-73.991709,40.61028],[-73.991608,40.610752],[-73.991767,40.610846],[-73.992393,40.610242],[-73.994597,40.61157],[-73.993971,40.612174],[-73.998372,40.614831],[-74.000821,40.616313],[-74.004668,40.612624],[-74.005777,40.611548],[-74.007311,40.610077],[-74.008053,40.610522],[-74.009825,40.608825],[-74.009076,40.608375],[-74.012374,40.605213],[-74.012785,40.605427],[-74.014189,40.603868],[-74.013778,40.603648],[-74.01452,40.602814],[-74.014959,40.6026],[-74.014995,40.602523],[-74.014786,40.602084]]]},"properties":{"MODZCTA":"11214","label":"11214"}},{"type":"Feature","geometry":{"type":"Polygon","coordinates":[[[-73.998226,40.671204],[-73.997116,40.669474],[-73.996669,40.668739],[-73.996482,40.668925],[-73.995855,40.66797],[-73.99486,40.666845],[-73.995105,40.666356],[-73.995292,40.666126],[-73.995696,40.665752],[-73.995819,40.665676],[-73.995811,40.665533],[-73.994024,40.664462],[-73.991674,40.663029],[-73.996338,40.658545],[-73.999841,40.655185],[-74.000995,40.654065],[-74.002162,40.652951],[-73.997794,40.650288],[-73.998306,40.649739],[-73.996043,40.64834],[-73.993932,40.647071],[-73.98906,40.644118],[-73.988346,40.644562],[-73.985283,40.64577],[-73.98307,40.646626],[-73.981802,40.647131],[-73.980288,40.647295],[-73.98036,40.647696],[-73.981109,40.651593],[-73.981296,40.652636],[-73.981454,40.653416],[-73.981792,40.655244],[-73.981223,40.655826],[-73.979774,40.657225],[-73.977604,40.655864],[-73.977294,40.656144],[-73.97702,40.656001],[-73.97679,40.655798],[-73.976639,40.655562],[-73.976574,40.655309],[-73.976285,40.656001],[-73.97586,40.656522],[-73.97666,40.656912],[-73.97565,40.658114],[-73.97516,40.658723],[-73.977509,40.65986],[-73.979578,40.660854],[-73.979845,40.660728],[-73.980003,40.660755],[-73.980212,40.660926],[-73.980133,40.661189],[-73.97988,40.661282],[-73.979657,40.661244],[-73.978857,40.662204],[-73.97784,40.663401],[-73.976844,40.664608],[-73.976332,40.665212],[-73.975337,40.66642],[-73.973822,40.668225],[-73.971817,40.670629],[-73.970858,40.671864],[-73.970504,40.672446],[-73.97041,40.672649],[-73.970879,40.672715],[-73.971009,40.672748],[-73.972955,40.67349],[-73.977958,40.675439],[-73.98046,40.676412],[-73.983048,40.677406],[-73.982615,40.678042],[-73.986963,40.679745],[-73.98767,40.680008],[-73.987792,40.68003],[-73.988203,40.679421],[-73.988506,40.679536],[-73.989314,40.678356],[-73.989408,40.677456],[-73.989862,40.676825],[-73.990699,40.675809],[-73.992566,40.676106],[-73.993121,40.676177],[-73.993958,40.676161],[-73.99408,40.676183],[-73.994578,40.676051],[-73.995061,40.675842],[-73.995371,40.675595],[-73.995962,40.674969],[-73.996965,40.673784],[-73.998061,40.672472],[-73.998472,40.67206],[-73.998616,40.671829],[-73.998226,40.671204]]]},"properties":{"MODZCTA":"11215","label":"11215"}},{"type":"Feature","geometry":{"type":"Polygon","coordinates":[[[-73.94773,40.669715],[-73.947316,40.674161],[-73.94709,40.676544],[-73.94479,40.67623],[-73.944661,40.676104],[-73.944748,40.675813],[-73.944178,40.675785],[-73.944041,40.67607],[-73.941928,40.676064],[-73.941755,40.676437],[-73.941538,40.67642],[-73.941386,40.677919],[-73.941211,40.679939],[-73.937397,40.679728],[-73.937791,40.681694],[-73.938222,40.683895],[-73.941056,40.683568],[-73.941344,40.683804],[-73.943958,40.683586],[-73.944034,40.683975],[-73.944623,40.686907],[-73.945054,40.689103],[-73.947896,40.688775],[-73.948183,40.690241],[-73.945348,40.690569],[-73.945643,40.692035],[-73.945786,40.692765],[-73.948621,40.692437],[-73.948556,40.692091],[-73.951831,40.691703],[-73.951443,40.68977],[-73.951537,40.689594],[-73.95176,40.689485],[-73.954739,40.689107],[-73.954804,40.688728],[-73.957134,40.688466],[-73.956983,40.68773],[-73.956552,40.685529],[-73.956401,40.684799],[-73.955969,40.682597],[-73.955668,40.681137],[-73.955294,40.679204],[-73.952987,40.67872],[-73.952814,40.677842],[-73.955194,40.678342],[-73.957339,40.672414],[-73.956481,40.672238],[-73.956792,40.671355],[-73.957657,40.671536],[-73.957974,40.670658],[-73.955271,40.670125],[-73.953267,40.670008],[-73.951602,40.669925],[-73.94773,40.669715]]]},"properties":{"MODZCTA":"11216","label":"11216"}},{"type":"Feature","geometry":{"type":"Polygon","coordinates":[[[-73.970879,40.672715],[-73.971196,40.673132],[-73.971383,40.673511],[-73.97147,40.673901],[-73.971462,40.674302],[-73.971354,40.674796],[-73.971195,40.67507],[-73.971051,40.675235],[-73.97162,40.675466],[-73.971426,40.675756],[-73.972442,40.677162],[-73.972348,40.677447],[-73.971121,40.680851],[-73.970825,40.681614],[-73.970615,40.682245],[-73.97068,40.682421],[-73.972785,40.682855],[-73.97303,40.684145],[-73.972064,40.684243],[-73.972316,40.685457],[-73.973376,40.685885],[-73.973649,40.687301],[-73.97269,40.687417],[-73.973129,40.689623],[-73.975105,40.689695],[-73.977939,40.689806],[-73.978624,40.689839],[-73.979511,40.689861],[-73.980427,40.689899],[-73.980254,40.688637],[-73.9821,40.689356],[-73.982714,40.688456],[-73.983572,40.688786],[-73.984401,40.687567],[-73.986565,40.688407],[-73.988289,40.685871],[-73.989068,40.68468],[-73.989991,40.683319],[-73.990864,40.682056],[-73.988701,40.681216],[-73.989126,40.680579],[-73.988081,40.680173],[-73.988506,40.679536],[-73.988203,40.679421],[-73.987792,40.68003],[-73.98767,40.680008],[-73.986963,40.679745],[-73.982615,40.678042],[-73.983048,40.677406],[-73.98046,40.676412],[-73.977958,40.675439],[-73.972955,40.67349],[-73.971009,40.672748],[-73.970879,40.672715]]]},"properties":{"MODZCTA":"11217","label":"11217, 11243"}},{"type":"Feature","geometry":{"type":"Polygon","coordinates":[[[-73.977166,40.630749],[-73.976049,40.631276],[-73.975739,40.630886],[-73.972705,40.632422],[-73.972777,40.632823],[-73.971905,40.633229],[-73.969,40.634606],[-73.967624,40.635237],[-73.967119,40.635456],[-73.965382,40.636279],[-73.965792,40.638442],[-73.964927,40.638848],[-73.965301,40.640825],[-73.966173,40.64043],[-73.966302,40.641127],[-73.965992,40.641281],[-73.966315,40.643487],[-73.96682,40.643861],[-73.96687,40.644097],[-73.96594,40.644201],[-73.966386,40.646584],[-73.967337,40.646502],[-73.967337,40.646567],[-73.967546,40.647682],[-73.966666,40.648027],[-73.967026,40.649949],[-73.96526,40.65064],[-73.964654,40.650887],[-73.965245,40.651743],[-73.96621,40.653187],[-73.971458,40.651141],[-73.971703,40.651108],[-73.971703,40.650955],[-73.971818,40.650779],[-73.972085,40.650658],[-73.972345,40.650658],[-73.972633,40.650862],[-73.972698,40.651043],[-73.972661,40.651185],[-73.972517,40.651334],[-73.97233,40.6514],[-73.97305,40.653914],[-73.973553,40.655643],[-73.973791,40.65639],[-73.974122,40.657696],[-73.974266,40.658031],[-73.974482,40.658339],[-73.97516,40.658723],[-73.97565,40.658114],[-73.97666,40.656912],[-73.97586,40.656522],[-73.976285,40.656001],[-73.976574,40.655309],[-73.976639,40.655562],[-73.97679,40.655798],[-73.97702,40.656001],[-73.977294,40.656144],[-73.977604,40.655864],[-73.979774,40.657225],[-73.981223,40.655826],[-73.981792,40.655244],[-73.981454,40.653416],[-73.981296,40.652636],[-73.981109,40.651593],[-73.98036,40.647696],[-73.980288,40.647295],[-73.981802,40.647131],[-73.98307,40.646626],[-73.985283,40.64577],[-73.988346,40.644562],[-73.98906,40.644118],[-73.991929,40.642208],[-73.987454,40.639506],[-73.988038,40.638946],[-73.98584,40.637618],[-73.985249,40.638178],[-73.982864,40.636733],[-73.982987,40.63636],[-73.981178,40.635196],[-73.98143,40.634955],[-73.978974,40.633477],[-73.978772,40.63367],[-73.978513,40.632303],[-73.979558,40.632912],[-73.980141,40.632352],[-73.978312,40.631276],[-73.978153,40.630282],[-73.977166,40.630749]]]},"properties":{"MODZCTA":"11218","label":"11218"}},{"type":"Feature","geometry":{"type":"Polygon","coordinates":[[[-73.997284,40.619711],[-73.996391,40.620584],[-73.989005,40.627676],[-73.988342,40.628319],[-73.984342,40.632155],[-73.983182,40.633281],[-73.98143,40.634955],[-73.981178,40.635196],[-73.982987,40.63636],[-73.982864,40.636733],[-73.985249,40.638178],[-73.98584,40.637618],[-73.988038,40.638946],[-73.987454,40.639506],[-73.991929,40.642208],[-73.98906,40.644118],[-73.993932,40.647071],[-73.997737,40.64341],[-73.999755,40.641467],[-74.002674,40.638667],[-74.00325,40.638102],[-74.000526,40.636455],[-74.001239,40.635977],[-74.003841,40.637547],[-74.004107,40.637284],[-74.007962,40.633583],[-74.006305,40.632584],[-74.007025,40.632112],[-74.008539,40.633029],[-74.010974,40.630679],[-74.012703,40.629021],[-74.012141,40.628686],[-74.0083,40.626359],[-74.006095,40.625031],[-74.006679,40.624471],[-74.004474,40.623142],[-74.003891,40.623702],[-73.999488,40.621045],[-73.997284,40.619711]]]},"properties":{"MODZCTA":"11219","label":"11219"}},{"type":"Feature","geometry":{"type":"Polygon","coordinates":[[[-74.012141,40.628686],[-74.012703,40.629021],[-74.010974,40.630679],[-74.008539,40.633029],[-74.007025,40.632112],[-74.006305,40.632584],[-74.007962,40.633583],[-74.004107,40.637284],[-74.003841,40.637547],[-74.001239,40.635977],[-74.000526,40.636455],[-74.00325,40.638102],[-74.002674,40.638667],[-73.999755,40.641467],[-73.997737,40.64341],[-73.999697,40.644607],[-73.999942,40.644316],[-74.000346,40.644557],[-74.000108,40.644859],[-74.002097,40.646111],[-74.002414,40.645809],[-74.00462,40.647132],[-74.006825,40.648466],[-74.006242,40.64902],[-74.008563,40.650431],[-74.010357,40.651501],[-74.010509,40.651605],[-74.009349,40.652725],[-74.009493,40.652813],[-74.011258,40.651133],[-74.013428,40.652456],[-74.01693,40.649096],[-74.01809,40.64797],[-74.019258,40.64685],[-74.021456,40.648184],[-74.020873,40.648749],[-74.024354,40.650851],[-74.024463,40.650945],[-74.024772,40.650687],[-74.025536,40.649781],[-74.024966,40.648606],[-74.025132,40.64832],[-74.024144,40.647613],[-74.024353,40.647398],[-74.025074,40.646723],[-74.025384,40.646915],[-74.025715,40.646613],[-74.027033,40.645196],[-74.027754,40.644505],[-74.028208,40.644016],[-74.028503,40.644175],[-74.028972,40.644499],[-74.02908,40.644405],[-74.030522,40.645272],[-74.031897,40.643889],[-74.031977,40.643894],[-74.032308,40.643576],[-74.032618,40.643768],[-74.032841,40.643565],[-74.034074,40.644316],[-74.034535,40.643877],[-74.034449,40.643828],[-74.036703,40.641686],[-74.036761,40.641494],[-74.03635,40.641154],[-74.035982,40.640945],[-74.035715,40.640638],[-74.036198,40.640012],[-74.036608,40.639364],[-74.037091,40.638447],[-74.038429,40.635685],[-74.037248,40.635988],[-74.036607,40.63657],[-74.036218,40.637047],[-74.036074,40.637305],[-74.03611,40.638085],[-74.036067,40.638458],[-74.035959,40.638821],[-74.033884,40.638168],[-74.032089,40.637614],[-74.028658,40.636544],[-74.026042,40.635744],[-74.02352,40.634613],[-74.023152,40.634257],[-74.023267,40.634103],[-74.021603,40.63334],[-74.021012,40.633466],[-74.018533,40.632336],[-74.016969,40.631617],[-74.016047,40.631035],[-74.014901,40.630355],[-74.014771,40.629954],[-74.012883,40.628681],[-74.012681,40.628692],[-74.012544,40.628824],[-74.01235,40.628714],[-74.012141,40.628686]]]},"properties":{"MODZCTA":"11220","label":"11220"}},{"type":"Feature","geometry":{"type":"Polygon","coordinates":[[[-73.916045,40.686072],[-73.914644,40.687509],[-73.913193,40.688979],[-73.908852,40.693406],[-73.910359,40.694258],[-73.911858,40.695115],[-73.910305,40.696701],[-73.911804,40.697553],[-73.913364,40.695973],[-73.916369,40.697682],[-73.917821,40.696207],[-73.920077,40.697487],[-73.921756,40.698455],[-73.923832,40.699625],[-73.926081,40.700911],[-73.927588,40.701763],[-73.929032,40.700287],[-73.927799,40.699584],[-73.929965,40.698251],[-73.93026,40.698531],[-73.932295,40.697923],[-73.932792,40.697797],[-73.93298,40.697968],[-73.933247,40.697858],[-73.934005,40.697117],[-73.935224,40.696986],[-73.934799,40.696739],[-73.934131,40.693352],[-73.937052,40.693018],[-73.937196,40.693754],[-73.940117,40.693415],[-73.939966,40.692685],[-73.942808,40.692357],[-73.945643,40.692035],[-73.945348,40.690569],[-73.948183,40.690241],[-73.947896,40.688775],[-73.945054,40.689103],[-73.944623,40.686907],[-73.944034,40.683975],[-73.943962,40.683585],[-73.941344,40.683804],[-73.941056,40.683568],[-73.938222,40.683895],[-73.938034,40.684],[-73.938092,40.684285],[-73.935878,40.684525],[-73.935301,40.684229],[-73.93238,40.684567],[-73.932099,40.684924],[-73.929517,40.685224],[-73.929394,40.685224],[-73.927079,40.685552],[-73.926993,40.685184],[-73.926531,40.685239],[-73.926344,40.685387],[-73.926365,40.685585],[-73.923667,40.685962],[-73.923495,40.685583],[-73.920401,40.685938],[-73.920436,40.686311],[-73.918143,40.686573],[-73.918214,40.686941],[-73.917998,40.686968],[-73.918048,40.687215],[-73.916802,40.686495],[-73.916045,40.686072]]]},"properties":{"MODZCTA":"11221","label":"11221"}},{"type":"Feature","geometry":{"type":"Polygon","coordinates":[[[-73.955682,40.723944],[-73.956274,40.72339],[-73.954774,40.722462],[-73.955077,40.722281],[-73.956038,40.721397],[-73.954754,40.720601],[-73.951649,40.723487],[-73.950648,40.721708],[-73.950181,40.719007],[-73.950066,40.718299],[-73.948413,40.718457],[-73.947216,40.718561],[-73.94679,40.718824],[-73.946754,40.71861],[-73.946321,40.718621],[-73.945318,40.718758],[-73.942475,40.71902],[-73.940592,40.719205],[-73.940419,40.718338],[-73.940341,40.71786],[-73.940239,40.718118],[-73.938673,40.718485],[-73.937259,40.718792],[-73.936949,40.7181],[-73.936127,40.718325],[-73.935289,40.718522],[-73.936506,40.721245],[-73.935041,40.721667],[-73.935286,40.722321],[-73.935588,40.72299],[-73.930868,40.724223],[-73.929266,40.724628],[-73.927801,40.725011],[-73.927858,40.725753],[-73.928052,40.726071],[-73.928492,40.726615],[-73.928866,40.727005],[-73.92958,40.727615],[-73.92966,40.727543],[-73.930323,40.727796],[-73.930807,40.727851],[-73.931687,40.728033],[-73.932004,40.728143],[-73.932343,40.728182],[-73.932408,40.728143],[-73.932913,40.728231],[-73.933014,40.728209],[-73.933526,40.728309],[-73.934226,40.728391],[-73.934255,40.728435],[-73.934926,40.728545],[-73.936557,40.729018],[-73.936932,40.729106],[-73.938086,40.729749],[-73.938562,40.730134],[-73.938915,40.730381],[-73.939744,40.731068],[-73.939888,40.731298],[-73.940364,40.73221],[-73.940688,40.733017],[-73.940572,40.733061],[-73.940724,40.733291],[-73.940817,40.733248],[-73.940918,40.733484],[-73.941041,40.733489],[-73.941156,40.733747],[-73.940997,40.733791],[-73.941149,40.734154],[-73.941545,40.734736],[-73.94179,40.734911],[-73.941776,40.734983],[-73.942396,40.735428],[-73.943211,40.73579],[-73.944466,40.73628],[-73.944763,40.736005],[-73.944994,40.735572],[-73.945182,40.735479],[-73.945253,40.73589],[-73.94617,40.736204],[-73.946249,40.736165],[-73.946733,40.735293],[-73.946597,40.734442],[-73.947066,40.734403],[-73.947202,40.735353],[-73.946443,40.73678],[-73.946523,40.736928],[-73.946862,40.737005],[-73.947093,40.737126],[-73.948088,40.737467],[-73.948125,40.737396],[-73.949964,40.738127],[-73.95039,40.738286],[-73.951544,40.73861],[-73.951985,40.738748],[-73.953233,40.738995],[-73.953818,40.73905],[-73.954157,40.739106],[-73.954712,40.739128],[-73.955644,40.739046],[-73.956907,40.738892],[-73.957419,40.738651],[-73.958314,40.738135],[-73.958675,40.737867],[-73.959166,40.737559],[-73.959802,40.737082],[-73.960235,40.736616],[-73.960423,40.736445],[-73.961578,40.735178],[-73.961759,40.734892],[-73.962091,40.734508],[-73.962286,40.734047],[-73.962358,40.733712],[-73.962308,40.733531],[-73.962344,40.733388],[-73.962265,40.732916],[-73.962034,40.732378],[-73.961753,40.731665],[-73.961429,40.730967],[-73.961285,40.73016],[-73.96135,40.73016],[-73.961192,40.729414],[-73.961069,40.729221],[-73.961062,40.728777],[-73.961012,40.728519],[-73.961142,40.728102],[-73.961417,40.727355],[-73.961496,40.726751],[-73.961619,40.726664],[-73.961656,40.726202],[-73.961612,40.725868],[-73.961064,40.725845],[-73.960285,40.725949],[-73.960126,40.725318],[-73.958423,40.7254],[-73.958351,40.725197],[-73.957947,40.725037],[-73.95794,40.724648],[-73.958042,40.724428],[-73.958143,40.724406],[-73.957717,40.724285],[-73.957572,40.725098],[-73.956151,40.724241],[-73.955682,40.723944]],[[-73.955682,40.723944],[-73.955394,40.724213],[-73.955141,40.724328],[-73.954514,40.723224],[-73.955682,40.723944]]]},"properties":{"MODZCTA":"11222","label":"11222"}},{"type":"Feature","geometry":{"type":"Polygon","coordinates":[[[-73.973085,40.583428],[-73.970457,40.583894],[-73.969002,40.584063],[-73.967857,40.584513],[-73.966619,40.584573],[-73.966496,40.585144],[-73.969146,40.584876],[-73.969282,40.585573],[-73.96633,40.585896],[-73.96615,40.58667],[-73.967568,40.586517],[-73.967705,40.587231],[-73.965976,40.587433],[-73.96581,40.588136],[-73.967834,40.587911],[-73.967971,40.58863],[-73.967049,40.58874],[-73.965644,40.588888],[-73.965298,40.590359],[-73.965146,40.5911],[-73.962835,40.591363],[-73.958996,40.591784],[-73.959398,40.593903],[-73.95947,40.594568],[-73.960889,40.594365],[-73.960996,40.595381],[-73.961024,40.59616],[-73.959778,40.596297],[-73.960181,40.598416],[-73.960366,40.6007],[-73.960731,40.60547],[-73.961732,40.605355],[-73.961882,40.607337],[-73.961968,40.607842],[-73.962378,40.609989],[-73.966297,40.609556],[-73.967399,40.609458],[-73.969041,40.609255],[-73.971915,40.608938],[-73.972996,40.608812],[-73.974998,40.608598],[-73.978701,40.608187],[-73.983476,40.607661],[-73.984406,40.607562],[-73.987258,40.607244],[-73.986848,40.605097],[-73.987482,40.604538],[-73.986646,40.604043],[-73.986459,40.603011],[-73.986057,40.600958],[-73.985877,40.599959],[-73.985668,40.598911],[-73.985481,40.597873],[-73.985064,40.595672],[-73.984675,40.593657],[-73.984639,40.593553],[-73.984258,40.591565],[-73.984093,40.590566],[-73.983467,40.587261],[-73.983273,40.586185],[-73.982813,40.583792],[-73.981754,40.583583],[-73.977427,40.582907],[-73.974684,40.583126],[-73.974497,40.583153],[-73.973085,40.583428]]]},"properties":{"MODZCTA":"11223","label":"11223"}},{"type":"Feature","geometry":{"type":"Polygon","coordinates":[[[-73.986046,40.581723],[-73.985888,40.581146],[-73.986169,40.580949],[-73.987018,40.580021],[-73.986695,40.579812],[-73.987386,40.579137],[-73.987393,40.579088],[-73.987983,40.578945],[-73.988142,40.578868],[-73.98843,40.578813],[-73.988991,40.578835],[-73.989445,40.579055],[-73.989582,40.579192],[-73.990359,40.579423],[-73.991072,40.57933],[-73.991317,40.579253],[-73.991828,40.579247],[-73.997768,40.580587],[-73.997883,40.580686],[-73.997876,40.580845],[-73.997617,40.581164],[-73.997646,40.581312],[-73.997797,40.581476],[-73.998042,40.581559],[-73.99869,40.581515],[-73.999525,40.581317],[-74.000626,40.581295],[-74.001238,40.581427],[-74.002203,40.581367],[-74.002945,40.581433],[-74.003982,40.581723],[-74.004838,40.581855],[-74.006048,40.581981],[-74.007452,40.581806],[-74.007956,40.581679],[-74.00828,40.581564],[-74.008727,40.581344],[-74.009194,40.581048],[-74.009742,40.580801],[-74.010217,40.580669],[-74.010541,40.580614],[-74.011016,40.580378],[-74.011333,40.580186],[-74.011765,40.579856],[-74.012139,40.579489],[-74.012348,40.57922],[-74.012751,40.578555],[-74.012844,40.578292],[-74.013031,40.577908],[-74.013024,40.577803],[-74.012794,40.57749],[-74.012462,40.576683],[-74.012434,40.576266],[-74.012318,40.575651],[-74.012016,40.574883],[-74.011159,40.574169],[-74.010072,40.573829],[-74.008711,40.573758],[-74.006666,40.573396],[-74.004823,40.572891],[-74.002484,40.571738],[-74.002232,40.570613],[-74.002203,40.570305],[-74.002088,40.569586],[-74.001987,40.569597],[-74.002059,40.570151],[-74.002008,40.570206],[-74.001073,40.570442],[-74.000777,40.570492],[-74.000367,40.570514],[-73.999748,40.570497],[-73.999611,40.570464],[-73.998632,40.570508],[-73.997999,40.570448],[-73.997358,40.570278],[-73.997192,40.570349],[-73.995767,40.570393],[-73.995292,40.570322],[-73.995249,40.570096],[-73.995134,40.570069],[-73.995141,40.570316],[-73.994939,40.570354],[-73.994018,40.570409],[-73.993154,40.570382],[-73.993053,40.570338],[-73.992528,40.57047],[-73.991196,40.570612],[-73.990865,40.570601],[-73.990793,40.57025],[-73.990721,40.570261],[-73.990771,40.570601],[-73.99026,40.570711],[-73.98936,40.570832],[-73.988719,40.570881],[-73.988035,40.570985],[-73.987272,40.571078],[-73.986451,40.57115],[-73.985732,40.571194],[-73.983759,40.571396],[-73.98283,40.571545],[-73.982175,40.571561],[-73.982038,40.571479],[-73.981844,40.571468],[-73.981045,40.571681],[-73.980649,40.571736],[-73.980102,40.571725],[-73.97985,40.571539],[-73.979454,40.571742],[-73.979101,40.57184],[-73.978583,40.571895],[-73.978324,40.571884],[-73.977928,40.571813],[-73.977748,40.571681],[-73.977669,40.57117],[-73.977568,40.571247],[-73.977661,40.57173],[-73.977273,40.571862],[-73.976841,40.57195],[-73.976221,40.572015],[-73.975926,40.572021],[-73.975682,40.571955],[-73.975408,40.571505],[-73.975473,40.571971],[-73.974846,40.572163],[-73.974407,40.57224],[-73.97373,40.572289],[-73.97345,40.572273],[-73.973328,40.571674],[-73.973212,40.571669],[-73.973234,40.571905],[-73.973363,40.572262],[-73.973147,40.572416],[-73.972499,40.572575],[-73.971607,40.572629],[-73.971455,40.572481],[-73.971218,40.571965],[-73.971146,40.572053],[-73.971376,40.572508],[-73.971333,40.572646],[-73.971088,40.572728],[-73.97021,40.572854],[-73.969756,40.572848],[-73.969562,40.57281],[-73.969281,40.572299],[-73.969209,40.572338],[-73.969468,40.572821],[-73.969202,40.572958],[-73.968561,40.573128],[-73.968187,40.573177],[-73.967532,40.573188],[-73.9672,40.573325],[-73.96602,40.573391],[-73.963982,40.573555],[-73.96211,40.573713],[-73.960908,40.573867],[-73.959828,40.573927],[-73.959389,40.57391],[-73.959417,40.575178],[-73.961037,40.575074],[-73.962858,40.574982],[-73.964745,40.574812],[-73.965753,40.574796],[-73.966422,40.574813],[-73.967567,40.574879],[-73.96766,40.575044],[-73.967955,40.575011],[-73.968258,40.575044],[-73.969035,40.575307],[-73.969921,40.575582],[-73.969733,40.576356],[-73.969783,40.576477],[-73.969495,40.577569],[-73.969163,40.579139],[-73.969004,40.580034],[-73.968968,40.580111],[-73.9676,40.580379],[-73.967333,40.581516],[-73.968672,40.581697],[-73.971135,40.582016],[-73.970587,40.583218],[-73.969125,40.583542],[-73.968391,40.583668],[-73.967642,40.583931],[-73.966763,40.583986],[-73.966619,40.584573],[-73.967857,40.584513],[-73.969002,40.584063],[-73.970457,40.583894],[-73.973085,40.583428],[-73.974497,40.583153],[-73.974684,40.583126],[-73.977427,40.582907],[-73.981754,40.583583],[-73.982813,40.583792],[-73.98264,40.582864],[-73.983079,40.583128],[-73.983317,40.583199],[-73.983648,40.583199],[-73.983612,40.582985],[-73.983929,40.582908],[-73.985787,40.581212],[-73.985953,40.581772],[-73.986046,40.581723]]]},"properties":{"MODZCTA":"11224","label":"11224"}},{"type":"Feature","geometry":{"type":"Polygon","coordinates":[[[-73.961884,40.654882],[-73.960702,40.655343],[-73.96091,40.656156],[-73.960614,40.656694],[-73.960138,40.656765],[-73.959858,40.655634],[-73.959432,40.656095],[-73.956427,40.656242],[-73.953096,40.656504],[-73.953053,40.656081],[-73.950163,40.656261],[-73.947265,40.656436],[-73.947429,40.658033],[-73.947673,40.660295],[-73.942612,40.660611],[-73.942769,40.66206],[-73.942826,40.662845],[-73.940029,40.66302],[-73.939978,40.663453],[-73.94217,40.663504],[-73.942263,40.663806],[-73.942696,40.664053],[-73.942528,40.665837],[-73.945304,40.665987],[-73.948065,40.666142],[-73.94773,40.669715],[-73.951602,40.669925],[-73.953267,40.670008],[-73.955271,40.670125],[-73.957974,40.670658],[-73.959049,40.670883],[-73.961319,40.671406],[-73.962574,40.671642],[-73.962193,40.669638],[-73.961805,40.667679],[-73.961258,40.664802],[-73.960956,40.663287],[-73.962247,40.663199],[-73.962391,40.663089],[-73.962866,40.663814],[-73.963508,40.66354],[-73.963919,40.663255],[-73.964042,40.663024],[-73.964187,40.662261],[-73.96436,40.662096],[-73.964662,40.66202],[-73.965023,40.662174],[-73.964584,40.661317],[-73.963719,40.659857],[-73.963525,40.659318],[-73.963396,40.65849],[-73.963259,40.658072],[-73.96292,40.657479],[-73.962784,40.656908],[-73.962791,40.65665],[-73.962907,40.656145],[-73.963152,40.655662],[-73.963131,40.655498],[-73.962979,40.6553],[-73.961884,40.654882]]]},"properties":{"MODZCTA":"11225","label":"11225"}},{"type":"Feature","geometry":{"type":"Polygon","coordinates":[[[-73.9584,40.636326],[-73.955697,40.637626],[-73.955833,40.638368],[-73.954276,40.639114],[-73.953599,40.638422],[-73.95308,40.638449],[-73.951163,40.638448],[-73.950176,40.638508],[-73.949232,40.638546],[-73.949382,40.639929],[-73.946507,40.640104],[-73.946614,40.641065],[-73.946131,40.641092],[-73.946288,40.642903],[-73.94587,40.643425],[-73.94607,40.645313],[-73.947057,40.645248],[-73.947465,40.649041],[-73.946478,40.649101],[-73.946671,40.650946],[-73.946778,40.651852],[-73.947036,40.654339],[-73.947157,40.655596],[-73.947265,40.656436],[-73.950163,40.656261],[-73.953053,40.656081],[-73.953096,40.656504],[-73.956427,40.656242],[-73.959432,40.656095],[-73.959858,40.655634],[-73.960138,40.656765],[-73.960614,40.656694],[-73.96091,40.656156],[-73.960702,40.655343],[-73.961884,40.654882],[-73.96621,40.653187],[-73.965245,40.651743],[-73.964654,40.650887],[-73.96526,40.65064],[-73.967026,40.649949],[-73.966666,40.648027],[-73.967546,40.647682],[-73.967337,40.646567],[-73.967337,40.646502],[-73.966386,40.646584],[-73.96594,40.644201],[-73.96687,40.644097],[-73.96682,40.643861],[-73.966315,40.643487],[-73.965992,40.641281],[-73.966302,40.641127],[-73.966173,40.64043],[-73.965301,40.640825],[-73.964927,40.638848],[-73.965792,40.638442],[-73.965382,40.636279],[-73.96451,40.636685],[-73.964216,40.635099],[-73.963351,40.635516],[-73.963099,40.634044],[-73.961304,40.634906],[-73.960411,40.635361],[-73.9584,40.636326]]]},"properties":{"MODZCTA":"11226","label":"11226"}},{"type":"Feature","geometry":{"type":"Polygon","coordinates":[[[-74.000821,40.616313],[-73.999618,40.617472],[-73.999489,40.617406],[-73.999272,40.61818],[-73.999027,40.618032],[-73.998458,40.618597],[-73.997284,40.619711],[-73.999488,40.621045],[-74.003891,40.623702],[-74.004474,40.623142],[-74.006679,40.624471],[-74.006095,40.625031],[-74.0083,40.626359],[-74.012141,40.628686],[-74.01235,40.628714],[-74.012544,40.628824],[-74.012681,40.628692],[-74.012883,40.628681],[-74.014771,40.629954],[-74.014901,40.630355],[-74.016047,40.631035],[-74.016342,40.630283],[-74.016644,40.629575],[-74.016925,40.628834],[-74.01784,40.626589],[-74.01879,40.624222],[-74.019078,40.623613],[-74.019704,40.622186],[-74.020086,40.622422],[-74.02036,40.622125],[-74.020605,40.621927],[-74.020626,40.621807],[-74.021174,40.621258],[-74.022276,40.62011],[-74.022873,40.619468],[-74.023637,40.61854],[-74.024623,40.617387],[-74.02525,40.616678],[-74.025747,40.616058],[-74.02607,40.615487],[-74.02625,40.615103],[-74.026517,40.614669],[-74.027546,40.61294],[-74.02653,40.612424],[-74.026588,40.612599],[-74.026408,40.612907],[-74.026667,40.612995],[-74.025652,40.614828],[-74.025048,40.615707],[-74.0228,40.614582],[-74.024577,40.610223],[-74.024599,40.610108],[-74.024534,40.609762],[-74.024303,40.609454],[-74.021508,40.607825],[-74.021263,40.607665],[-74.02073,40.607391],[-74.020161,40.607172],[-74.019858,40.607084],[-74.019376,40.606991],[-74.018439,40.606881],[-74.017928,40.606952],[-74.017669,40.607079],[-74.017359,40.607326],[-74.017021,40.607655],[-74.015501,40.606843],[-74.017466,40.604965],[-74.01751,40.60485],[-74.018179,40.604251],[-74.01823,40.604109],[-74.018712,40.603582],[-74.019231,40.603104],[-74.019425,40.602873],[-74.019137,40.602615],[-74.018323,40.602418],[-74.017992,40.602489],[-74.017588,40.6025],[-74.016529,40.602402],[-74.015824,40.602297],[-74.014786,40.602084],[-74.014995,40.602523],[-74.014959,40.6026],[-74.01452,40.602814],[-74.013778,40.603648],[-74.014189,40.603868],[-74.012785,40.605427],[-74.012374,40.605213],[-74.009076,40.608375],[-74.009825,40.608825],[-74.008053,40.610522],[-74.007311,40.610077],[-74.005777,40.611548],[-74.004668,40.612624],[-74.000821,40.616313]]]},"properties":{"MODZCTA":"11228","label":"11228"}},{"type":"Feature","geometry":{"type":"Polygon","coordinates":[[[-73.958996,40.591784],[-73.955151,40.592205],[-73.95461,40.592238],[-73.954222,40.592309],[-73.952299,40.592512],[-73.951348,40.592621],[-73.948194,40.592966],[-73.947264,40.593075],[-73.94537,40.593277],[-73.94061,40.593807],[-73.939753,40.593911],[-73.936116,40.59431],[-73.934005,40.594528],[-73.933011,40.594638],[-73.933054,40.594874],[-73.932413,40.595225],[-73.931888,40.594752],[-73.931902,40.594686],[-73.931693,40.594708],[-73.931017,40.594614],[-73.930772,40.594493],[-73.930434,40.594405],[-73.930016,40.594092],[-73.929858,40.593785],[-73.929815,40.593296],[-73.929715,40.59312],[-73.92983,40.592906],[-73.930191,40.592456],[-73.930284,40.592446],[-73.930342,40.592094],[-73.930105,40.592006],[-73.930292,40.591639],[-73.930473,40.591463],[-73.930502,40.591298],[-73.930444,40.591117],[-73.930481,40.590623],[-73.930539,40.590266],[-73.930438,40.590019],[-73.930186,40.589679],[-73.929906,40.589464],[-73.929647,40.58936],[-73.929085,40.589261],[-73.928919,40.589261],[-73.928444,40.58903],[-73.928157,40.588827],[-73.927263,40.589452],[-73.925887,40.590351],[-73.924755,40.591042],[-73.924604,40.591201],[-73.9242,40.591366],[-73.923956,40.59114],[-73.924828,40.590548],[-73.926651,40.589413],[-73.926651,40.589369],[-73.927761,40.588662],[-73.927631,40.588458],[-73.927437,40.58837],[-73.927437,40.588145],[-73.927265,40.587882],[-73.927322,40.587849],[-73.926956,40.587453],[-73.926841,40.587289],[-73.926495,40.587096],[-73.926574,40.587047],[-73.925711,40.586404],[-73.925467,40.586091],[-73.9252,40.585805],[-73.924754,40.585635],[-73.924293,40.585684],[-73.923926,40.585799],[-73.923695,40.585942],[-73.923342,40.585996],[-73.922961,40.585892],[-73.922716,40.585996],[-73.922356,40.586023],[-73.922119,40.585809],[-73.921888,40.58582],[-73.921471,40.585748],[-73.921039,40.585737],[-73.920822,40.585956],[-73.920361,40.586066],[-73.919973,40.58606],[-73.919612,40.586169],[-73.919432,40.586114],[-73.919188,40.585961],[-73.918554,40.5863],[-73.918143,40.586448],[-73.918093,40.586569],[-73.918193,40.586608],[-73.920963,40.589096],[-73.922308,40.59031],[-73.924056,40.591871],[-73.926531,40.594107],[-73.929567,40.59682],[-73.928788,40.597325],[-73.928133,40.59778],[-73.929924,40.599439],[-73.933551,40.602686],[-73.929868,40.605071],[-73.932012,40.606999],[-73.933516,40.608345],[-73.93423,40.607896],[-73.936043,40.609516],[-73.937535,40.608556],[-73.942977,40.61345],[-73.943748,40.612946],[-73.944309,40.613412],[-73.944575,40.614801],[-73.944826,40.616048],[-73.945734,40.615362],[-73.946064,40.617102],[-73.946993,40.617004],[-73.94657,40.614791],[-73.947428,40.614226],[-73.947723,40.614172],[-73.948343,40.614139],[-73.94825,40.613634],[-73.949122,40.613052],[-73.949308,40.61403],[-73.950266,40.613926],[-73.949965,40.612317],[-73.950779,40.611637],[-73.950708,40.611252],[-73.95163,40.611121],[-73.951666,40.611313],[-73.952588,40.611111],[-73.953596,40.610952],[-73.960447,40.610202],[-73.962378,40.609989],[-73.961968,40.607842],[-73.961882,40.607337],[-73.961732,40.605355],[-73.960731,40.60547],[-73.960366,40.6007],[-73.960181,40.598416],[-73.959778,40.596297],[-73.961024,40.59616],[-73.960996,40.595381],[-73.960889,40.594365],[-73.95947,40.594568],[-73.959398,40.593903],[-73.958996,40.591784]]]},"properties":{"MODZCTA":"11229","label":"11229"}},{"type":"Feature","geometry":{"type":"Polygon","coordinates":[[[-73.972996,40.608812],[-73.971915,40.608938],[-73.969041,40.609255],[-73.967399,40.609458],[-73.966297,40.609556],[-73.962378,40.609989],[-73.960447,40.610202],[-73.953596,40.610952],[-73.952588,40.611111],[-73.953047,40.613619],[-73.953494,40.61357],[-73.954024,40.61623],[-73.953557,40.616282],[-73.954002,40.61867],[-73.954454,40.621064],[-73.955491,40.620949],[-73.95534,40.621081],[-73.955383,40.621317],[-73.955023,40.621355],[-73.955367,40.623178],[-73.955944,40.623343],[-73.954906,40.623452],[-73.955366,40.625846],[-73.956084,40.629689],[-73.957121,40.629585],[-73.957301,40.630513],[-73.956623,40.630589],[-73.956623,40.630787],[-73.956551,40.630973],[-73.956364,40.631187],[-73.95673,40.633005],[-73.957168,40.635404],[-73.958199,40.635289],[-73.9584,40.636326],[-73.960411,40.635361],[-73.961304,40.634906],[-73.963099,40.634044],[-73.963351,40.635516],[-73.964216,40.635099],[-73.96451,40.636685],[-73.965382,40.636279],[-73.967119,40.635456],[-73.967624,40.635237],[-73.969,40.634606],[-73.971905,40.633229],[-73.972777,40.632823],[-73.972705,40.632422],[-73.975739,40.630886],[-73.976049,40.631276],[-73.977166,40.630749],[-73.977281,40.630524],[-73.977707,40.629975],[-73.979184,40.629382],[-73.979407,40.629399],[-73.979609,40.6293],[-73.978997,40.628921],[-73.977779,40.628191],[-73.977527,40.627977],[-73.976792,40.627543],[-73.976576,40.627576],[-73.976231,40.625978],[-73.9758,40.623596],[-73.976837,40.623481],[-73.976671,40.623371],[-73.976621,40.623118],[-73.976261,40.623157],[-73.976239,40.623085],[-73.975829,40.621109],[-73.976953,40.621631],[-73.977054,40.621532],[-73.975397,40.620768],[-73.975296,40.620911],[-73.97493,40.618995],[-73.974872,40.618644],[-73.974441,40.61642],[-73.973995,40.614032],[-73.973707,40.612572],[-73.973485,40.61137],[-73.972996,40.608812]]]},"properties":{"MODZCTA":"11230","label":"11230"}},{"type":"Feature","geometry":{"type":"Polygon","coordinates":[[[-74.007716,40.686267],[-74.007983,40.686278],[-74.008603,40.68591],[-74.010925,40.684493],[-74.010088,40.683654],[-74.00967,40.683269],[-74.013015,40.680414],[-74.013874,40.681007],[-74.013607,40.681221],[-74.014105,40.68171],[-74.014869,40.682385],[-74.015323,40.68211],[-74.015201,40.681979],[-74.017472,40.680617],[-74.017724,40.680661],[-74.018993,40.679903],[-74.018928,40.679843],[-74.019281,40.67965],[-74.019555,40.67903],[-74.01944,40.678931],[-74.018582,40.678981],[-74.01825,40.678553],[-74.018416,40.678547],[-74.01843,40.67791],[-74.019043,40.677877],[-74.019144,40.677724],[-74.019086,40.677142],[-74.019951,40.677103],[-74.019771,40.676615],[-74.019122,40.676615],[-74.019107,40.676543],[-74.017983,40.676571],[-74.017874,40.676302],[-74.01791,40.676088],[-74.018019,40.67589],[-74.018422,40.675879],[-74.018538,40.675775],[-74.018408,40.675522],[-74.018876,40.675122],[-74.018754,40.675061],[-74.0183,40.675457],[-74.018148,40.675468],[-74.017831,40.675259],[-74.017989,40.675127],[-74.018047,40.67477],[-74.018177,40.674463],[-74.018155,40.674375],[-74.017802,40.674095],[-74.017268,40.673607],[-74.016706,40.673195],[-74.014961,40.674678],[-74.014579,40.674414],[-74.016323,40.67291],[-74.015119,40.672158],[-74.01336,40.673591],[-74.012978,40.673327],[-74.014232,40.672207],[-74.014232,40.672131],[-74.013872,40.671878],[-74.014369,40.671455],[-74.013994,40.671192],[-74.013706,40.671186],[-74.013554,40.671258],[-74.012617,40.670841],[-74.012401,40.67094],[-74.012206,40.670956],[-74.011961,40.67089],[-74.011622,40.670583],[-74.011514,40.670407],[-74.011622,40.670116],[-74.011543,40.669787],[-74.010872,40.66971],[-74.010908,40.669188],[-74.010562,40.669189],[-74.010339,40.669079],[-74.01036,40.668645],[-74.010879,40.668601],[-74.012277,40.66573],[-74.015939,40.665471],[-74.016026,40.664862],[-74.016487,40.664928],[-74.016574,40.665038],[-74.016689,40.665438],[-74.017513,40.671032],[-74.018883,40.671603],[-74.019337,40.671625],[-74.01876,40.671076],[-74.018579,40.67039],[-74.017886,40.66585],[-74.017446,40.665268],[-74.016905,40.664846],[-74.015752,40.664566],[-74.011542,40.665088],[-74.009855,40.668524],[-74.007087,40.66859],[-74.006618,40.668623],[-74.006027,40.669787],[-74.005436,40.670924],[-74.004751,40.67072],[-74.006049,40.668053],[-74.00553,40.667899],[-74.005472,40.667954],[-74.005104,40.667976],[-74.003634,40.66757],[-74.003691,40.667427],[-74.003194,40.667262],[-74.002898,40.66735],[-74.002213,40.66858],[-74.001413,40.66836],[-74.00106,40.668947],[-74.000303,40.668717],[-73.999913,40.669496],[-73.999308,40.67077],[-73.998926,40.671412],[-73.998767,40.671604],[-73.998616,40.671829],[-73.998472,40.67206],[-73.998061,40.672472],[-73.996965,40.673784],[-73.995962,40.674969],[-73.995371,40.675595],[-73.995061,40.675842],[-73.994578,40.676051],[-73.99408,40.676183],[-73.993958,40.676161],[-73.993121,40.676177],[-73.992566,40.676106],[-73.990699,40.675809],[-73.989862,40.676825],[-73.989408,40.677456],[-73.989314,40.678356],[-73.988506,40.679536],[-73.988081,40.680173],[-73.989126,40.680579],[-73.988701,40.681216],[-73.990864,40.682056],[-73.989991,40.683319],[-73.99219,40.684181],[-73.994577,40.685098],[-73.994411,40.685454],[-73.99819,40.686701],[-74.000541,40.68748],[-74.001392,40.687749],[-74.002358,40.685734],[-74.002466,40.685795],[-74.004514,40.686322],[-74.004853,40.685669],[-74.005264,40.685784],[-74.007168,40.686355],[-74.007529,40.686075],[-74.007716,40.686267]]]},"properties":{"MODZCTA":"11231","label":"11231"}},{"type":"Feature","geometry":{"type":"Polygon","coordinates":[[[-74.024463,40.650945],[-74.024354,40.650851],[-74.020873,40.648749],[-74.021456,40.648184],[-74.019258,40.64685],[-74.01809,40.64797],[-74.01693,40.649096],[-74.013428,40.652456],[-74.011258,40.651133],[-74.009493,40.652813],[-74.009349,40.652725],[-74.010509,40.651605],[-74.010357,40.651501],[-74.008563,40.650431],[-74.006242,40.64902],[-74.005074,40.650146],[-74.002869,40.648823],[-74.000663,40.647489],[-74.002097,40.646111],[-74.000108,40.644859],[-74.000346,40.644557],[-73.999942,40.644316],[-73.999697,40.644607],[-73.997737,40.64341],[-73.993932,40.647071],[-73.996043,40.64834],[-73.998306,40.649739],[-73.997794,40.650288],[-74.002162,40.652951],[-74.000995,40.654065],[-73.999841,40.655185],[-73.996338,40.658545],[-73.991674,40.663029],[-73.994024,40.664462],[-73.995811,40.665533],[-73.995819,40.665676],[-73.995696,40.665752],[-73.995292,40.666126],[-73.995105,40.666356],[-73.99486,40.666845],[-73.995855,40.66797],[-73.996482,40.668925],[-73.996669,40.668739],[-73.997116,40.669474],[-73.998226,40.671204],[-73.998313,40.670935],[-73.99881,40.669595],[-73.998659,40.669513],[-73.998969,40.669162],[-73.999027,40.669008],[-73.999056,40.668854],[-73.999027,40.668442],[-73.999978,40.667449],[-74.000685,40.667548],[-74.001463,40.667169],[-74.001204,40.667021],[-74.001622,40.666768],[-74.002242,40.666796],[-74.002927,40.666461],[-73.999531,40.664397],[-74.000101,40.663859],[-74.000029,40.66382],[-74.000541,40.663332],[-74.000836,40.663008],[-74.000944,40.663079],[-74.001132,40.662903],[-74.004859,40.665066],[-74.005284,40.664655],[-74.004325,40.664051],[-74.004592,40.663738],[-74.003403,40.662986],[-74.003893,40.66247],[-74.003489,40.662239],[-74.004145,40.661564],[-74.004282,40.661443],[-74.005688,40.662272],[-74.006164,40.661844],[-74.007461,40.660559],[-74.0086,40.659522],[-74.010236,40.66046],[-74.011108,40.659708],[-74.011425,40.659329],[-74.011836,40.658912],[-74.012471,40.659318],[-74.014381,40.657644],[-74.015051,40.656952],[-74.015433,40.656633],[-74.015851,40.656211],[-74.017155,40.654778],[-74.017876,40.654064],[-74.018625,40.653493],[-74.018726,40.653476],[-74.018964,40.653866],[-74.01918,40.653888],[-74.019252,40.654036],[-74.019418,40.653998],[-74.01962,40.654168],[-74.020024,40.654168],[-74.02024,40.654223],[-74.020478,40.654217],[-74.0206,40.654289],[-74.020636,40.654437],[-74.020896,40.654431],[-74.021646,40.654881],[-74.021826,40.654656],[-74.021148,40.654212],[-74.021285,40.653964],[-74.021631,40.653646],[-74.021876,40.653547],[-74.022099,40.653586],[-74.023065,40.654233],[-74.023202,40.654096],[-74.021184,40.652839],[-74.021234,40.652696],[-74.021623,40.652318],[-74.021962,40.652224],[-74.022849,40.65274],[-74.022942,40.652877],[-74.023332,40.652943],[-74.023534,40.653097],[-74.023591,40.653217],[-74.023807,40.653047],[-74.020917,40.651258],[-74.021125,40.650945],[-74.021342,40.650852],[-74.021543,40.650671],[-74.022625,40.651313],[-74.022726,40.651296],[-74.023057,40.650972],[-74.023591,40.651318],[-74.023821,40.651356],[-74.024174,40.651192],[-74.024463,40.650945]]]},"properties":{"MODZCTA":"11232","label":"11232"}},{"type":"Feature","geometry":{"type":"Polygon","coordinates":[[[-73.924245,40.666447],[-73.922218,40.667335],[-73.920148,40.668228],[-73.919953,40.668321],[-73.91942,40.668398],[-73.919232,40.668634],[-73.918381,40.669001],[-73.918568,40.669056],[-73.920046,40.669139],[-73.919966,40.669474],[-73.918891,40.669918],[-73.917111,40.669818],[-73.917023,40.670685],[-73.916958,40.670713],[-73.915048,40.670607],[-73.914875,40.67053],[-73.914038,40.670897],[-73.914182,40.671166],[-73.914174,40.671457],[-73.913201,40.671401],[-73.913086,40.671308],[-73.911333,40.672075],[-73.911102,40.672185],[-73.909255,40.672947],[-73.908418,40.673314],[-73.907466,40.673763],[-73.905237,40.674727],[-73.904508,40.675051],[-73.904385,40.675204],[-73.903476,40.675505],[-73.902921,40.675686],[-73.902877,40.675823],[-73.903469,40.675884],[-73.903351,40.677114],[-73.90426,40.677158],[-73.90436,40.677927],[-73.903314,40.677871],[-73.903393,40.678036],[-73.90358,40.678882],[-73.903493,40.678898],[-73.90479,40.679651],[-73.905496,40.680036],[-73.907016,40.680948],[-73.908515,40.681806],[-73.910028,40.682658],[-73.911665,40.682445],[-73.911816,40.683181],[-73.911512,40.683505],[-73.912276,40.683933],[-73.914539,40.685225],[-73.916045,40.686072],[-73.916802,40.686495],[-73.918048,40.687215],[-73.917998,40.686968],[-73.918214,40.686941],[-73.918143,40.686573],[-73.920436,40.686311],[-73.920401,40.685938],[-73.923495,40.685583],[-73.923667,40.685962],[-73.926365,40.685585],[-73.926344,40.685387],[-73.926531,40.685239],[-73.926993,40.685184],[-73.927079,40.685552],[-73.929394,40.685224],[-73.929517,40.685224],[-73.932099,40.684924],[-73.93238,40.684567],[-73.935301,40.684229],[-73.935878,40.684525],[-73.938092,40.684285],[-73.938034,40.684],[-73.938222,40.683895],[-73.937791,40.681694],[-73.937397,40.679728],[-73.934873,40.679595],[-73.932897,40.679484],[-73.931326,40.679368],[-73.929054,40.679279],[-73.929812,40.678549],[-73.930065,40.678258],[-73.930274,40.67783],[-73.930325,40.677512],[-73.930311,40.677309],[-73.930457,40.675821],[-73.927688,40.67566],[-73.927761,40.674886],[-73.926723,40.674825],[-73.924993,40.674736],[-73.925124,40.673397],[-73.925292,40.671531],[-73.925416,40.670279],[-73.925489,40.669434],[-73.925605,40.668506],[-73.92531,40.668484],[-73.925324,40.66827],[-73.925022,40.667973],[-73.924691,40.667468],[-73.924245,40.666447]]]},"properties":{"MODZCTA":"11233","label":"11233"}},{"type":"Feature","geometry":{"type":"MultiPolygon","coordinates":[[[[-73.930762,40.582861],[-73.930892,40.58291],[-73.93074,40.583119],[-73.930431,40.583256],[-73.929631,40.583398],[-73.928227,40.583524],[-73.927125,40.583578],[-73.926305,40.583555],[-73.925642,40.583489],[-73.924433,40.58356],[-73.923821,40.583521],[-73.923216,40.583444],[-73.921956,40.583196],[-73.921546,40.583097],[-73.920689,40.582833],[-73.919797,40.582656],[-73.919034,40.582431],[-73.918141,40.582139],[-73.917659,40.582106],[-73.916845,40.58188],[-73.916565,40.581781],[-73.915017,40.581538],[-73.914441,40.581714],[-73.914081,40.581691],[-73.913757,40.581631],[-73.912979,40.581745],[-73.912317,40.581778],[-73.911748,40.581761],[-73.911481,40.581832],[-73.911294,40.582172],[-73.911286,40.582315],[-73.911502,40.582721],[-73.91179,40.582908],[-73.912488,40.582887],[-73.912272,40.583008],[-73.912531,40.583068],[-73.912639,40.582986],[-73.912812,40.583008],[-73.913035,40.582953],[-73.913438,40.582932],[-73.913727,40.582729],[-73.914058,40.582734],[-73.914339,40.582493],[-73.914562,40.582405],[-73.914893,40.582493],[-73.915146,40.582362],[-73.915729,40.58239],[-73.915959,40.582434],[-73.916024,40.582626],[-73.916427,40.582813],[-73.916564,40.582731],[-73.916772,40.582747],[-73.91688,40.582923],[-73.917297,40.583192],[-73.917045,40.583242],[-73.916902,40.583104],[-73.916606,40.583159],[-73.916254,40.583021],[-73.916081,40.582884],[-73.915779,40.582906],[-73.915476,40.583032],[-73.914986,40.583152],[-73.914871,40.583092],[-73.914756,40.582779],[-73.914447,40.582801],[-73.914187,40.58296],[-73.913842,40.582981],[-73.913114,40.583118],[-73.91305,40.583008],[-73.912862,40.583068],[-73.912574,40.583315],[-73.912437,40.58337],[-73.912422,40.583513],[-73.912703,40.583831],[-73.912616,40.583925],[-73.912609,40.58432],[-73.912392,40.584638],[-73.912507,40.584709],[-73.912471,40.584984],[-73.912564,40.58522],[-73.912557,40.585527],[-73.912938,40.585846],[-73.913146,40.585967],[-73.913629,40.586116],[-73.91383,40.586033],[-73.914449,40.586237],[-73.914529,40.586199],[-73.914838,40.586276],[-73.915414,40.586254],[-73.915695,40.586216],[-73.915782,40.586117],[-73.915969,40.586139],[-73.916207,40.586046],[-73.916992,40.585882],[-73.917064,40.585712],[-73.917359,40.585575],[-73.917669,40.585614],[-73.917936,40.585466],[-73.918274,40.585416],[-73.918793,40.585225],[-73.918843,40.585044],[-73.919463,40.584912],[-73.919881,40.584753],[-73.920003,40.584666],[-73.920622,40.58465],[-73.92073,40.584672],[-73.921011,40.584573],[-73.921148,40.58465],[-73.921602,40.58465],[-73.921926,40.584683],[-73.922451,40.584662],[-73.922739,40.584678],[-73.922876,40.584733],[-73.923481,40.584816],[-73.924078,40.584668],[-73.924496,40.584658],[-73.924539,40.584614],[-73.925029,40.584713],[-73.925324,40.584647],[-73.925526,40.584823],[-73.925835,40.584955],[-73.926786,40.584862],[-73.927124,40.584879],[-73.928405,40.585264],[-73.928593,40.585209],[-73.929428,40.58549],[-73.9314,40.586078],[-73.931271,40.585436],[-73.930191,40.585084],[-73.930098,40.584502],[-73.931078,40.584382],[-73.931164,40.58431],[-73.932043,40.584234],[-73.931864,40.583081],[-73.931706,40.582812],[-73.930957,40.582729],[-73.930748,40.582795],[-73.930762,40.582861]]],[[[-73.944826,40.616048],[-73.944575,40.614801],[-73.944309,40.613412],[-73.943748,40.612946],[-73.942977,40.61345],[-73.937535,40.608556],[-73.936043,40.609516],[-73.93423,40.607896],[-73.933516,40.608345],[-73.932012,40.606999],[-73.929868,40.605071],[-73.933551,40.602686],[-73.929924,40.599439],[-73.928133,40.59778],[-73.928788,40.597325],[-73.929567,40.59682],[-73.926531,40.594107],[-73.924056,40.591871],[-73.922308,40.59031],[-73.920963,40.589096],[-73.918193,40.586608],[-73.918093,40.586569],[-73.91784,40.586975],[-73.917472,40.587326],[-73.917083,40.587578],[-73.916528,40.587825],[-73.916053,40.588061],[-73.915484,40.588307],[-73.914547,40.58874],[-73.914316,40.588916],[-73.914215,40.589135],[-73.914474,40.589278],[-73.914568,40.589438],[-73.914531,40.589723],[-73.914582,40.589899],[-73.914934,40.590146],[-73.914884,40.590217],[-73.915071,40.590404],[-73.915315,40.59047],[-73.915697,40.590701],[-73.916028,40.590811],[-73.916474,40.591108],[-73.916568,40.591102],[-73.916603,40.591344],[-73.916819,40.591509],[-73.917042,40.591899],[-73.917251,40.59197],[-73.91743,40.592278],[-73.917675,40.592514],[-73.917962,40.59292],[-73.918229,40.59314],[-73.918696,40.593349],[-73.918833,40.593558],[-73.919042,40.593767],[-73.919775,40.594267],[-73.919883,40.594382],[-73.920222,40.594591],[-73.920373,40.594745],[-73.92056,40.594767],[-73.920826,40.594871],[-73.921071,40.594855],[-73.921445,40.594927],[-73.921777,40.595031],[-73.922309,40.595613],[-73.922546,40.596102],[-73.922783,40.596294],[-73.922898,40.596448],[-73.923488,40.596855],[-73.923639,40.597096],[-73.923949,40.597256],[-73.924136,40.597459],[-73.924517,40.597772],[-73.924769,40.597943],[-73.924899,40.59814],[-73.925107,40.598333],[-73.925604,40.598607],[-73.925935,40.598893],[-73.926345,40.599151],[-73.926482,40.599349],[-73.926928,40.599569],[-73.927187,40.599888],[-73.927532,40.600124],[-73.927712,40.60014],[-73.927849,40.600316],[-73.928425,40.600382],[-73.928389,40.600514],[-73.928627,40.600608],[-73.928627,40.600399],[-73.928886,40.600465],[-73.929224,40.600487],[-73.929332,40.600553],[-73.929411,40.600762],[-73.929318,40.600904],[-73.929498,40.601025],[-73.929649,40.601207],[-73.930318,40.601289],[-73.930779,40.601624],[-73.930909,40.601619],[-73.931146,40.601773],[-73.931491,40.602108],[-73.931686,40.602383],[-73.931765,40.602597],[-73.932125,40.602712],[-73.931966,40.603124],[-73.931771,40.603212],[-73.931173,40.603848],[-73.931,40.603936],[-73.930791,40.603776],[-73.930568,40.603727],[-73.930388,40.603771],[-73.930193,40.604018],[-73.930049,40.603798],[-73.929898,40.603743],[-73.929531,40.603896],[-73.929408,40.604006],[-73.929271,40.603995],[-73.929041,40.603655],[-73.929243,40.603517],[-73.929618,40.603188],[-73.929625,40.602864],[-73.92951,40.602711],[-73.929201,40.602568],[-73.928913,40.602485],[-73.92879,40.602211],[-73.928373,40.602238],[-73.928107,40.601936],[-73.927999,40.601908],[-73.927459,40.601546],[-73.927221,40.60126],[-73.926897,40.601101],[-73.926293,40.600628],[-73.925847,40.600469],[-73.925732,40.600337],[-73.92517,40.600029],[-73.924882,40.599826],[-73.924573,40.599721],[-73.924184,40.599644],[-73.924011,40.599721],[-73.923852,40.599973],[-73.923708,40.600313],[-73.923585,40.600423],[-73.923311,40.600824],[-73.923376,40.600884],[-73.923174,40.601142],[-73.923037,40.601202],[-73.922921,40.601394],[-73.92259,40.601608],[-73.922186,40.601756],[-73.921906,40.601734],[-73.921718,40.601772],[-73.92148,40.60192],[-73.92125,40.601646],[-73.921142,40.601673],[-73.920379,40.601261],[-73.920271,40.601321],[-73.920048,40.601118],[-73.919746,40.60098],[-73.919573,40.600997],[-73.919429,40.600909],[-73.919306,40.60098],[-73.919004,40.600859],[-73.918622,40.600799],[-73.918327,40.600639],[-73.918241,40.600535],[-73.91796,40.600381],[-73.917824,40.600392],[-73.91768,40.600205],[-73.917709,40.600101],[-73.917543,40.600002],[-73.917025,40.599826],[-73.916571,40.599545],[-73.915887,40.599325],[-73.915441,40.59904],[-73.915384,40.598941],[-73.915125,40.598776],[-73.914866,40.598232],[-73.91465,40.598133],[-73.914478,40.597935],[-73.914241,40.597535],[-73.91419,40.597359],[-73.914018,40.597216],[-73.913665,40.597111],[-73.913615,40.596941],[-73.913457,40.596782],[-73.913435,40.596645],[-73.913291,40.596469],[-73.913198,40.596172],[-73.913047,40.595964],[-73.912594,40.595579],[-73.912393,40.595249],[-73.9124,40.595129],[-73.912263,40.594953],[-73.912213,40.594744],[-73.912048,40.59453],[-73.911991,40.594332],[-73.912078,40.59386],[-73.912013,40.593657],[-73.912028,40.593103],[-73.911899,40.592921],[-73.911928,40.592576],[-73.911741,40.592208],[-73.911677,40.591922],[-73.911684,40.591653],[-73.911498,40.591241],[-73.9116,40.59027],[-73.911571,40.590171],[-73.911723,40.589946],[-73.911673,40.589726],[-73.911709,40.589556],[-73.911688,40.589238],[-73.911854,40.588854],[-73.911912,40.588409],[-73.911883,40.588167],[-73.911711,40.587602],[-73.911575,40.587261],[-73.911676,40.587042],[-73.911899,40.58696],[-73.911972,40.586696],[-73.911915,40.586427],[-73.91162,40.586164],[-73.911325,40.58601],[-73.910886,40.585949],[-73.910028,40.586179],[-73.909315,40.586387],[-73.908645,40.586639],[-73.907954,40.58683],[-73.906837,40.586994],[-73.906477,40.587021],[-73.906333,40.587131],[-73.90652,40.587362],[-73.906959,40.587395],[-73.907125,40.587532],[-73.906923,40.587834],[-73.906591,40.588015],[-73.906231,40.588009],[-73.905886,40.587877],[-73.905828,40.587608],[-73.905893,40.587504],[-73.905238,40.587245],[-73.904864,40.587075],[-73.904267,40.58691],[-73.904094,40.587025],[-73.90359,40.587063],[-73.903539,40.587167],[-73.903301,40.587266],[-73.903049,40.587293],[-73.902819,40.587375],[-73.902084,40.587364],[-73.901839,40.587473],[-73.901306,40.587884],[-73.900881,40.588054],[-73.90065,40.588092],[-73.900276,40.588098],[-73.899527,40.587965],[-73.899225,40.587745],[-73.899081,40.587701],[-73.898808,40.587465],[-73.898262,40.586784],[-73.898255,40.586471],[-73.897946,40.58601],[-73.897896,40.585823],[-73.897961,40.585565],[-73.898127,40.58534],[-73.898134,40.585186],[-73.897955,40.58495],[-73.897437,40.584466],[-73.896977,40.583901],[-73.896956,40.583703],[-73.896597,40.583126],[-73.896468,40.582638],[-73.896469,40.582138],[-73.896519,40.581897],[-73.896758,40.581249],[-73.896895,40.58104],[-73.89704,40.580706],[-73.89709,40.580475],[-73.897106,40.580003],[-73.896984,40.579542],[-73.896761,40.579212],[-73.89651,40.579009],[-73.896265,40.578619],[-73.895949,40.57802],[-73.895634,40.577191],[-73.895527,40.576768],[-73.895152,40.576752],[-73.894547,40.576839],[-73.89369,40.577129],[-73.89333,40.577222],[-73.892595,40.577342],[-73.892077,40.577473],[-73.89158,40.577654],[-73.89132,40.57784],[-73.891039,40.577879],[-73.890327,40.577839],[-73.889988,40.57779],[-73.889528,40.577806],[-73.889247,40.577904],[-73.889038,40.57808],[-73.888606,40.578145],[-73.888166,40.578117],[-73.88795,40.578068],[-73.887346,40.578073],[-73.886834,40.578198],[-73.886179,40.578247],[-73.885718,40.578395],[-73.885567,40.578384],[-73.885221,40.578515],[-73.884674,40.578548],[-73.884371,40.578602],[-73.883788,40.578788],[-73.88311,40.579073],[-73.88275,40.579149],[-73.882146,40.579187],[-73.882067,40.579072],[-73.88175,40.579159],[-73.881864,40.579456],[-73.881742,40.579593],[-73.879703,40.580134],[-73.876713,40.584913],[-73.878078,40.586682],[-73.878322,40.587055],[-73.878624,40.587632],[-73.878789,40.588033],[-73.878918,40.588434],[-73.879053,40.589098],[-73.879139,40.589373],[-73.879074,40.589598],[-73.878966,40.58973],[-73.879001,40.590031],[-73.879231,40.590268],[-73.879295,40.590663],[-73.878921,40.590712],[-73.878978,40.590893],[-73.87936,40.590844],[-73.879712,40.591399],[-73.879905,40.592047],[-73.880764,40.594628],[-73.88085,40.595111],[-73.88087,40.595748],[-73.880805,40.596001],[-73.880819,40.596259],[-73.880955,40.596583],[-73.881315,40.597066],[-73.881472,40.597352],[-73.881645,40.597797],[-73.881744,40.598411],[-73.881707,40.598982],[-73.881815,40.599125],[-73.881836,40.599422],[-73.882023,40.599647],[-73.882095,40.599916],[-73.882202,40.600009],[-73.882332,40.600284],[-73.88231,40.600465],[-73.882381,40.600718],[-73.882647,40.60119],[-73.882682,40.601657],[-73.882934,40.601953],[-73.883171,40.602338],[-73.883285,40.602602],[-73.883393,40.603019],[-73.882945,40.603458],[-73.88301,40.603743],[-73.882721,40.604177],[-73.882987,40.604616],[-73.883964,40.60555],[-73.884527,40.605359],[-73.884613,40.605205],[-73.884779,40.605139],[-73.884952,40.605167],[-73.885586,40.605146],[-73.886054,40.605179],[-73.887256,40.605323],[-73.887646,40.605279],[-73.888446,40.604929],[-73.888734,40.604847],[-73.888929,40.604715],[-73.888986,40.604545],[-73.890017,40.6042],[-73.890298,40.604162],[-73.890802,40.603981],[-73.891242,40.603619],[-73.891387,40.603532],[-73.891776,40.603516],[-73.892237,40.603384],[-73.89264,40.603368],[-73.893158,40.603479],[-73.893454,40.603429],[-73.8938,40.603188],[-73.894009,40.603194],[-73.8947,40.603315],[-73.895067,40.603233],[-73.895154,40.60314],[-73.895514,40.60314],[-73.896285,40.603328],[-73.896587,40.603251],[-73.897127,40.603317],[-73.897401,40.603417],[-73.897523,40.603356],[-73.897862,40.603428],[-73.897934,40.603324],[-73.898215,40.6035],[-73.898704,40.603659],[-73.899201,40.603577],[-73.899835,40.603342],[-73.900282,40.603381],[-73.900512,40.603277],[-73.901139,40.603299],[-73.901427,40.603272],[-73.901651,40.603162],[-73.902018,40.603113],[-73.902256,40.602954],[-73.902422,40.602927],[-73.902573,40.602795],[-73.90284,40.602757],[-73.902897,40.602642],[-73.9032,40.602648],[-73.903416,40.602571],[-73.903668,40.602599],[-73.903855,40.602708],[-73.904129,40.602621],[-73.904576,40.602528],[-73.905461,40.602638],[-73.906103,40.602463],[-73.906441,40.602442],[-73.906571,40.602343],[-73.907003,40.602409],[-73.907227,40.60225],[-73.907414,40.602322],[-73.907969,40.602092],[-73.908221,40.602059],[-73.908487,40.601916],[-73.90848,40.601812],[-73.90905,40.60162],[-73.909193,40.601791],[-73.909417,40.601928],[-73.909827,40.602049],[-73.910295,40.601951],[-73.910756,40.602028],[-73.911764,40.602155],[-73.912434,40.60215],[-73.913061,40.602205],[-73.913298,40.602249],[-73.913996,40.602788],[-73.914428,40.602865],[-73.914896,40.603288],[-73.914766,40.603359],[-73.915414,40.603953],[-73.915601,40.603936],[-73.917126,40.60531],[-73.917018,40.605381],[-73.918586,40.606771],[-73.918687,40.606969],[-73.919054,40.607216],[-73.919241,40.607386],[-73.919522,40.607738],[-73.919507,40.607974],[-73.91942,40.607996],[-73.919024,40.608259],[-73.91888,40.608303],[-73.918015,40.608868],[-73.917726,40.609757],[-73.9181,40.610125],[-73.918056,40.610273],[-73.916744,40.611178],[-73.915735,40.611831],[-73.916626,40.613445],[-73.915804,40.614004],[-73.91478,40.614679],[-73.914672,40.614673],[-73.91455,40.614832],[-73.914398,40.61492],[-73.914081,40.614887],[-73.913858,40.61464],[-73.914933,40.61396],[-73.914868,40.613493],[-73.91476,40.613372],[-73.914861,40.613301],[-73.914582,40.611896],[-73.914496,40.611654],[-73.914648,40.611456],[-73.914922,40.611265],[-73.915549,40.61093],[-73.916162,40.610513],[-73.916061,40.610431],[-73.916277,40.610107],[-73.916385,40.610091],[-73.916566,40.609438],[-73.916783,40.608774],[-73.916322,40.608674],[-73.91672,40.607626],[-73.916605,40.607088],[-73.916757,40.606907],[-73.916735,40.606814],[-73.916347,40.606462],[-73.916267,40.60644],[-73.915922,40.606061],[-73.915095,40.605325],[-73.91498,40.605204],[-73.913843,40.60416],[-73.913778,40.604204],[-73.913526,40.603929],[-73.913066,40.603847],[-73.91092,40.603505],[-73.909133,40.603942],[-73.908902,40.603915],[-73.908326,40.604074],[-73.908455,40.604463],[-73.908614,40.604518],[-73.908858,40.605062],[-73.908987,40.60515],[-73.909779,40.60582],[-73.909858,40.606029],[-73.909843,40.606166],[-73.909338,40.606479],[-73.909065,40.606468],[-73.908639,40.606659],[-73.908445,40.606615],[-73.908352,40.60639],[-73.908186,40.606434],[-73.9081,40.60628],[-73.907387,40.606378],[-73.906234,40.606356],[-73.905975,40.606383],[-73.905881,40.6063],[-73.905608,40.605899],[-73.905335,40.605323],[-73.905393,40.605229],[-73.905285,40.604933],[-73.905206,40.604911],[-73.901899,40.605732],[-73.901777,40.605677],[-73.90164,40.605764],[-73.901704,40.605874],[-73.901675,40.606094],[-73.901868,40.607236],[-73.90191,40.607785],[-73.901881,40.607807],[-73.901974,40.608279],[-73.90196,40.608619],[-73.902103,40.609037],[-73.902146,40.609042],[-73.902073,40.609547],[-73.902203,40.609553],[-73.902274,40.610244],[-73.902216,40.610343],[-73.902684,40.610755],[-73.902864,40.610882],[-73.903137,40.61097],[-73.903339,40.611272],[-73.90385,40.611689],[-73.904288,40.612014],[-73.904375,40.612228],[-73.904238,40.612365],[-73.904907,40.612821],[-73.905353,40.613069],[-73.905447,40.613014],[-73.906742,40.614305],[-73.906871,40.614261],[-73.907303,40.61481],[-73.907404,40.614756],[-73.907857,40.615206],[-73.908577,40.615443],[-73.909009,40.615772],[-73.909599,40.616393],[-73.909642,40.616574],[-73.909115,40.616865],[-73.908957,40.616991],[-73.909115,40.617139],[-73.908834,40.617309],[-73.908603,40.617265],[-73.908387,40.617391],[-73.908135,40.617155],[-73.907782,40.617374],[-73.907732,40.61721],[-73.907948,40.617073],[-73.907718,40.616935],[-73.907344,40.616584],[-73.907106,40.616611],[-73.907019,40.616534],[-73.907257,40.61638],[-73.907063,40.616205],[-73.906811,40.616358],[-73.906739,40.616298],[-73.906984,40.616139],[-73.906962,40.616062],[-73.905869,40.615062],[-73.902711,40.612248],[-73.902408,40.612018],[-73.901955,40.611743],[-73.901616,40.611863],[-73.901314,40.611671],[-73.901307,40.611429],[-73.901437,40.611325],[-73.901394,40.611144],[-73.900761,40.610611],[-73.900451,40.610446],[-73.900437,40.610243],[-73.900214,40.60999],[-73.90028,40.609463],[-73.900395,40.609375],[-73.900489,40.609063],[-73.900446,40.608887],[-73.90049,40.608706],[-73.90044,40.608568],[-73.900512,40.608338],[-73.900491,40.608168],[-73.900564,40.607476],[-73.900867,40.607021],[-73.900867,40.606922],[-73.900645,40.606477],[-73.900515,40.606279],[-73.900328,40.606147],[-73.900012,40.605708],[-73.899753,40.605538],[-73.899378,40.60546],[-73.899162,40.605526],[-73.898709,40.605356],[-73.898644,40.605301],[-73.898341,40.605306],[-73.898111,40.605448],[-73.897909,40.605443],[-73.89747,40.605569],[-73.897181,40.605563],[-73.896728,40.605639],[-73.896194,40.60582],[-73.895877,40.605853],[-73.895495,40.606011],[-73.895279,40.606176],[-73.89489,40.606395],[-73.894666,40.606455],[-73.894328,40.606433],[-73.893953,40.606532],[-73.893348,40.606745],[-73.89311,40.607052],[-73.892771,40.607167],[-73.892597,40.607529],[-73.892532,40.607743],[-73.892459,40.608193],[-73.892286,40.608243],[-73.892171,40.608545],[-73.892351,40.608501],[-73.892372,40.608726],[-73.892235,40.609099],[-73.891953,40.60945],[-73.891881,40.60934],[-73.891903,40.609137],[-73.891557,40.609444],[-73.890937,40.609877],[-73.890663,40.61002],[-73.890302,40.610316],[-73.889783,40.610958],[-73.889695,40.611452],[-73.889789,40.611688],[-73.890134,40.611847],[-73.890335,40.612012],[-73.890587,40.612133],[-73.89112,40.61226],[-73.891157,40.611975],[-73.891373,40.611914],[-73.891769,40.611684],[-73.891914,40.611531],[-73.892022,40.611558],[-73.892433,40.61141],[-73.892742,40.611345],[-73.892908,40.611208],[-73.893045,40.611208],[-73.89355,40.611],[-73.893578,40.611164],[-73.893967,40.611214],[-73.894032,40.611346],[-73.893931,40.611538],[-73.893643,40.611532],[-73.893116,40.611762],[-73.892749,40.611729],[-73.892179,40.612063],[-73.892093,40.611959],[-73.891416,40.612123],[-73.891206,40.61243],[-73.891041,40.612507],[-73.890954,40.612836],[-73.891313,40.613237],[-73.891889,40.613562],[-73.892501,40.613793],[-73.893149,40.613892],[-73.894021,40.613838],[-73.894604,40.613987],[-73.895417,40.614416],[-73.895864,40.614521],[-73.895936,40.614702],[-73.895734,40.614888],[-73.895985,40.615273],[-73.896006,40.615481],[-73.896179,40.61569],[-73.896171,40.615948],[-73.896272,40.616091],[-73.896466,40.616141],[-73.89648,40.616558],[-73.896451,40.616772],[-73.896623,40.617129],[-73.896608,40.617508],[-73.896449,40.617738],[-73.896341,40.618161],[-73.896081,40.618385],[-73.895972,40.618885],[-73.895741,40.619296],[-73.895611,40.619351],[-73.895719,40.619516],[-73.895618,40.619752],[-73.895783,40.620049],[-73.895718,40.620213],[-73.895855,40.620389],[-73.896056,40.620488],[-73.896207,40.620801],[-73.896315,40.620823],[-73.8963,40.62107],[-73.896451,40.621411],[-73.896753,40.621515],[-73.89684,40.62162],[-73.897056,40.621686],[-73.897402,40.62168],[-73.897639,40.621768],[-73.898115,40.621851],[-73.898583,40.62178],[-73.898972,40.621825],[-73.899383,40.621754],[-73.89957,40.621803],[-73.899858,40.62177],[-73.900262,40.621645],[-73.900571,40.621705],[-73.900636,40.621771],[-73.900851,40.622474],[-73.900988,40.622655],[-73.901182,40.622798],[-73.901513,40.622925],[-73.901866,40.622963],[-73.902039,40.623123],[-73.902176,40.623381],[-73.902197,40.623551],[-73.902694,40.623524],[-73.902867,40.62365],[-73.902917,40.623952],[-73.902693,40.624216],[-73.903946,40.624815],[-73.90918,40.627202],[-73.914898,40.629726],[-73.915582,40.629995],[-73.91659,40.630452],[-73.91659,40.630584],[-73.916727,40.63077],[-73.917325,40.631007],[-73.917504,40.631298],[-73.917396,40.631616],[-73.917194,40.631737],[-73.918599,40.632067],[-73.919088,40.632474],[-73.9197,40.632952],[-73.920413,40.633474],[-73.918855,40.634483],[-73.919055,40.636388],[-73.919126,40.637063],[-73.919582,40.641395],[-73.920158,40.641346],[-73.921594,40.640413],[-73.921549,40.641347],[-73.923324,40.639899],[-73.923749,40.63958],[-73.924644,40.638977],[-73.925588,40.638423],[-73.929583,40.63634],[-73.931551,40.635325],[-73.932236,40.634964],[-73.933425,40.634882],[-73.933332,40.63402],[-73.934269,40.633675],[-73.934305,40.633883],[-73.935213,40.633412],[-73.935114,40.632429],[-73.934148,40.632494],[-73.933898,40.63015],[-73.934871,40.63009],[-73.934614,40.627752],[-73.933648,40.627811],[-73.933434,40.625681],[-73.934336,40.62488],[-73.935178,40.625068],[-73.936915,40.625244],[-73.93546,40.623876],[-73.935612,40.623569],[-73.937176,40.623092],[-73.937227,40.622961],[-73.940267,40.622622],[-73.939987,40.621162],[-73.940845,40.620448],[-73.940802,40.620124],[-73.942661,40.619917],[-73.942418,40.618594],[-73.943196,40.617677],[-73.94347,40.617387],[-73.943961,40.616816],[-73.944674,40.616163],[-73.944826,40.616048]]]]},"properties":{"MODZCTA":"11234","label":"11234"}},{"type":"Feature","geometry":{"type":"MultiPolygon","coordinates":[[[[-73.930473,40.591463],[-73.930292,40.591639],[-73.930105,40.592006],[-73.930342,40.592094],[-73.930473,40.591463]]],[[[-73.959389,40.57391],[-73.959072,40.573844],[-73.959029,40.573454],[-73.958943,40.573465],[-73.958978,40.573904],[-73.958885,40.573992],[-73.958431,40.574091],[-73.957942,40.574146],[-73.9572,40.574189],[-73.956567,40.574173],[-73.956473,40.57414],[-73.956387,40.573821],[-73.956293,40.573838],[-73.956372,40.574173],[-73.956206,40.574266],[-73.955134,40.57437],[-73.954399,40.574369],[-73.954133,40.574331],[-73.954011,40.574237],[-73.953744,40.574298],[-73.953118,40.574287],[-73.952758,40.574215],[-73.952542,40.574226],[-73.952081,40.574396],[-73.951325,40.574423],[-73.950814,40.574494],[-73.949921,40.574554],[-73.948964,40.574779],[-73.947768,40.574905],[-73.945925,40.575118],[-73.945954,40.575211],[-73.946206,40.5752],[-73.946127,40.575392],[-73.94581,40.575546],[-73.94545,40.575573],[-73.945097,40.575557],[-73.944694,40.575485],[-73.944636,40.575694],[-73.944506,40.57577],[-73.944053,40.575809],[-73.94329,40.57572],[-73.942555,40.575566],[-73.942512,40.575374],[-73.936846,40.575558],[-73.936674,40.575426],[-73.936601,40.575772],[-73.936472,40.57586],[-73.936234,40.575843],[-73.935759,40.575727],[-73.935075,40.575507],[-73.935003,40.575436],[-73.934996,40.575227],[-73.934896,40.575222],[-73.934902,40.575485],[-73.934809,40.575529],[-73.933347,40.575567],[-73.933095,40.575589],[-73.931504,40.575659],[-73.931439,40.575703],[-73.931064,40.576164],[-73.931057,40.576268],[-73.931638,40.578173],[-73.931689,40.578179],[-73.931825,40.578679],[-73.931818,40.578958],[-73.932019,40.579541],[-73.932521,40.581199],[-73.932701,40.58127],[-73.932809,40.581149],[-73.937107,40.581081],[-73.938058,40.58107],[-73.942738,40.580996],[-73.949375,40.582256],[-73.949699,40.582322],[-73.951939,40.58212],[-73.9533,40.582005],[-73.953493,40.582988],[-73.952471,40.583075],[-73.950253,40.583288],[-73.948366,40.583491],[-73.946286,40.583566],[-73.944068,40.583472],[-73.943694,40.583466],[-73.942549,40.583515],[-73.941576,40.583608],[-73.94144,40.583339],[-73.941246,40.5833],[-73.940698,40.583328],[-73.939301,40.583332],[-73.939294,40.583168],[-73.938474,40.583178],[-73.938553,40.583338],[-73.93789,40.583343],[-73.937833,40.583293],[-73.937321,40.583293],[-73.937077,40.583331],[-73.937048,40.583238],[-73.936573,40.583243],[-73.936537,40.583166],[-73.936256,40.583183],[-73.936112,40.583314],[-73.934211,40.583094],[-73.934211,40.582978],[-73.933491,40.582967],[-73.933491,40.58306],[-73.933038,40.582939],[-73.932598,40.582917],[-73.932015,40.583109],[-73.931864,40.583081],[-73.932043,40.584234],[-73.931164,40.58431],[-73.931078,40.584382],[-73.930098,40.584502],[-73.930191,40.585084],[-73.931271,40.585436],[-73.9314,40.586078],[-73.929428,40.58549],[-73.928593,40.585209],[-73.928405,40.585264],[-73.927124,40.584879],[-73.926786,40.584862],[-73.925835,40.584955],[-73.926663,40.585466],[-73.926691,40.585548],[-73.927109,40.585801],[-73.927217,40.585812],[-73.927447,40.586015],[-73.927742,40.586049],[-73.927857,40.585917],[-73.92816,40.585862],[-73.928275,40.586109],[-73.928196,40.586137],[-73.928073,40.586482],[-73.92808,40.586697],[-73.928296,40.586916],[-73.928576,40.587059],[-73.928792,40.587092],[-73.929195,40.587087],[-73.929563,40.587038],[-73.929671,40.586956],[-73.930528,40.586857],[-73.931183,40.586797],[-73.931277,40.586891],[-73.931363,40.587171],[-73.931348,40.58733],[-73.930218,40.587477],[-73.929721,40.587559],[-73.929706,40.587609],[-73.93026,40.58823],[-73.930548,40.58863],[-73.930634,40.588625],[-73.930706,40.588943],[-73.930929,40.589256],[-73.931094,40.589328],[-73.931316,40.590525],[-73.931417,40.590607],[-73.931395,40.59081],[-73.931431,40.591134],[-73.93156,40.591293],[-73.931409,40.591645],[-73.931365,40.59193],[-73.931142,40.592007],[-73.931307,40.592161],[-73.931437,40.592166],[-73.931566,40.592551],[-73.931667,40.592633],[-73.931825,40.59299],[-73.93235,40.593869],[-73.932601,40.59411],[-73.932781,40.594561],[-73.932824,40.594802],[-73.932673,40.594912],[-73.932305,40.594917],[-73.931902,40.594686],[-73.931888,40.594752],[-73.932413,40.595225],[-73.933054,40.594874],[-73.933011,40.594638],[-73.934005,40.594528],[-73.936116,40.59431],[-73.939753,40.593911],[-73.94061,40.593807],[-73.94537,40.593277],[-73.947264,40.593075],[-73.948194,40.592966],[-73.951348,40.592621],[-73.952299,40.592512],[-73.954222,40.592309],[-73.95461,40.592238],[-73.955151,40.592205],[-73.958996,40.591784],[-73.962835,40.591363],[-73.965146,40.5911],[-73.965298,40.590359],[-73.965644,40.588888],[-73.967049,40.58874],[-73.967971,40.58863],[-73.967834,40.587911],[-73.96581,40.588136],[-73.965976,40.587433],[-73.967705,40.587231],[-73.967568,40.586517],[-73.96615,40.58667],[-73.96633,40.585896],[-73.969282,40.585573],[-73.969146,40.584876],[-73.966496,40.585144],[-73.966619,40.584573],[-73.966763,40.583986],[-73.967642,40.583931],[-73.968391,40.583668],[-73.969125,40.583542],[-73.970587,40.583218],[-73.971135,40.582016],[-73.968672,40.581697],[-73.967333,40.581516],[-73.9676,40.580379],[-73.968968,40.580111],[-73.969004,40.580034],[-73.969163,40.579139],[-73.969495,40.577569],[-73.969783,40.576477],[-73.969733,40.576356],[-73.969921,40.575582],[-73.969035,40.575307],[-73.968258,40.575044],[-73.967955,40.575011],[-73.96766,40.575044],[-73.967567,40.574879],[-73.966422,40.574813],[-73.965753,40.574796],[-73.964745,40.574812],[-73.962858,40.574982],[-73.961037,40.575074],[-73.959417,40.575178],[-73.959389,40.57391]]]]},"properties":{"MODZCTA":"11235","label":"11235"}},{"type":"Feature","geometry":{"type":"MultiPolygon","coordinates":[[[[-73.888289,40.646721],[-73.888469,40.646902],[-73.888534,40.646787],[-73.888289,40.646721]]],[[[-73.919055,40.636388],[-73.918855,40.634483],[-73.920413,40.633474],[-73.9197,40.632952],[-73.919088,40.632474],[-73.918599,40.632067],[-73.917194,40.631737],[-73.916906,40.63194],[-73.916725,40.632011],[-73.916343,40.632077],[-73.91612,40.632054],[-73.915904,40.63195],[-73.914896,40.631225],[-73.914464,40.630994],[-73.914147,40.630873],[-73.913218,40.630466],[-73.911591,40.629674],[-73.910655,40.629295],[-73.909114,40.628558],[-73.90825,40.62825],[-73.906637,40.627485],[-73.904131,40.626308],[-73.903706,40.62622],[-73.9029,40.625879],[-73.90146,40.62523],[-73.89755,40.623487],[-73.896463,40.623019],[-73.895829,40.622689],[-73.89562,40.622678],[-73.895484,40.622486],[-73.895188,40.622502],[-73.894763,40.622776],[-73.893948,40.623187],[-73.893271,40.623417],[-73.893004,40.623356],[-73.892651,40.623537],[-73.892016,40.62397],[-73.891735,40.624217],[-73.891489,40.62448],[-73.89042,40.62628],[-73.888285,40.627892],[-73.887924,40.628133],[-73.887217,40.628456],[-73.886554,40.628631],[-73.886043,40.628696],[-73.885719,40.628449],[-73.885127,40.628827],[-73.883696,40.627558],[-73.882635,40.628276],[-73.884045,40.629562],[-73.883454,40.629907],[-73.88377,40.63022],[-73.883755,40.630555],[-73.883647,40.630945],[-73.883221,40.631444],[-73.883011,40.631625],[-73.88216,40.632008],[-73.88198,40.632173],[-73.881634,40.632299],[-73.881273,40.63237],[-73.880379,40.632978],[-73.880184,40.633307],[-73.879989,40.633516],[-73.879368,40.63391],[-73.878907,40.634118],[-73.878207,40.634573],[-73.87794,40.635018],[-73.877492,40.63539],[-73.877145,40.635977],[-73.877806,40.636884],[-73.878418,40.637455],[-73.878584,40.637521],[-73.878381,40.637906],[-73.87864,40.638296],[-73.87887,40.638439],[-73.87905,40.638433],[-73.879115,40.638269],[-73.879353,40.638181],[-73.879541,40.63822],[-73.880548,40.639159],[-73.880763,40.639582],[-73.880792,40.639758],[-73.8819,40.640835],[-73.882519,40.641352],[-73.883116,40.641874],[-73.883735,40.642451],[-73.884382,40.642913],[-73.884735,40.643144],[-73.885254,40.643391],[-73.885484,40.643463],[-73.88588,40.643661],[-73.886024,40.643661],[-73.886233,40.643815],[-73.886226,40.643947],[-73.886369,40.644139],[-73.886542,40.644232],[-73.886686,40.644419],[-73.886873,40.644447],[-73.88706,40.644765],[-73.887197,40.645078],[-73.887369,40.645227],[-73.887737,40.645041],[-73.887888,40.645096],[-73.887499,40.645276],[-73.887419,40.645364],[-73.887873,40.645914],[-73.888031,40.64604],[-73.888276,40.646084],[-73.888095,40.64621],[-73.888059,40.646556],[-73.888102,40.646638],[-73.888354,40.646644],[-73.888599,40.64671],[-73.888657,40.646886],[-73.888534,40.646968],[-73.888642,40.647078],[-73.888894,40.647221],[-73.88906,40.647046],[-73.88919,40.647079],[-73.889413,40.646892],[-73.888759,40.646068],[-73.888795,40.646052],[-73.889413,40.646799],[-73.889492,40.646936],[-73.889348,40.647035],[-73.889449,40.647172],[-73.889758,40.647447],[-73.889888,40.647612],[-73.890219,40.647903],[-73.890543,40.648282],[-73.890874,40.648546],[-73.891111,40.648832],[-73.891204,40.64909],[-73.891053,40.649315],[-73.890872,40.64938],[-73.89057,40.64921],[-73.891253,40.650023],[-73.890004,40.651147],[-73.891365,40.652367],[-73.892743,40.651353],[-73.8934,40.650931],[-73.895566,40.653079],[-73.897612,40.653454],[-73.898001,40.6538],[-73.898137,40.654042],[-73.898596,40.655827],[-73.898869,40.656711],[-73.899041,40.65737],[-73.899891,40.657277],[-73.90049,40.657151],[-73.900649,40.657042],[-73.901183,40.656515],[-73.902301,40.65578],[-73.902619,40.655556],[-73.903181,40.655309],[-73.90414,40.655145],[-73.906923,40.654736],[-73.909742,40.65431],[-73.910708,40.654179],[-73.912229,40.654136],[-73.913526,40.654159],[-73.915905,40.654243],[-73.917577,40.654316],[-73.918471,40.653745],[-73.919155,40.654361],[-73.920431,40.6544],[-73.921007,40.654916],[-73.921779,40.654423],[-73.920901,40.653626],[-73.920772,40.652556],[-73.921334,40.652518],[-73.921178,40.650668],[-73.92058,40.650706],[-73.920181,40.646929],[-73.920419,40.646682],[-73.920693,40.646665],[-73.920664,40.646446],[-73.920536,40.645002],[-73.919981,40.645035],[-73.919953,40.644705],[-73.920869,40.643998],[-73.921742,40.643383],[-73.921663,40.642653],[-73.919739,40.642778],[-73.921549,40.641347],[-73.921594,40.640413],[-73.920158,40.641346],[-73.919582,40.641395],[-73.919126,40.637063],[-73.919055,40.636388]]]]},"properties":{"MODZCTA":"11236","label":"11236"}},{"type":"Feature","geometry":{"type":"Polygon","coordinates":[[[-73.927588,40.701763],[-73.926081,40.700911],[-73.923832,40.699625],[-73.921756,40.698455],[-73.920077,40.697487],[-73.917821,40.696207],[-73.916369,40.697682],[-73.913364,40.695973],[-73.911804,40.697553],[-73.910305,40.696701],[-73.911858,40.695115],[-73.910359,40.694258],[-73.908852,40.693406],[-73.903592,40.690404],[-73.902075,40.692],[-73.902788,40.692418],[-73.904287,40.693276],[-73.905793,40.694128],[-73.904912,40.695071],[-73.904804,40.695148],[-73.904262,40.695702],[-73.905401,40.696351],[-73.908024,40.697824],[-73.911037,40.699534],[-73.911808,40.699941],[-73.910681,40.701049],[-73.912901,40.702362],[-73.91181,40.703437],[-73.916647,40.706301],[-73.91922,40.707813],[-73.920698,40.708697],[-73.921895,40.709395],[-73.920747,40.710536],[-73.921222,40.710789],[-73.921547,40.711042],[-73.92182,40.711783],[-73.922237,40.712854],[-73.923138,40.713393],[-73.924039,40.714008],[-73.924061,40.714112],[-73.924335,40.714123],[-73.924558,40.714755],[-73.924688,40.714881],[-73.924882,40.715266],[-73.924832,40.715282],[-73.924311,40.715847],[-73.92359,40.716028],[-73.923611,40.716105],[-73.923056,40.71634],[-73.923077,40.71639],[-73.926924,40.715399],[-73.928511,40.714993],[-73.929601,40.714725],[-73.93095,40.714364],[-73.930771,40.71393],[-73.930425,40.713194],[-73.930504,40.713073],[-73.93067,40.713019],[-73.931731,40.71275],[-73.931847,40.712547],[-73.931609,40.712037],[-73.930844,40.712223],[-73.930888,40.712058],[-73.931545,40.711855],[-73.931156,40.710999],[-73.930249,40.708929],[-73.930523,40.708748],[-73.930934,40.709165],[-73.931899,40.71134],[-73.933284,40.710978],[-73.933385,40.711236],[-73.932035,40.711592],[-73.932647,40.713003],[-73.932597,40.713086],[-73.931644,40.713343],[-73.931456,40.713436],[-73.93124,40.713727],[-73.931434,40.714128],[-73.931369,40.714254],[-73.93318,40.7138],[-73.934804,40.713372],[-73.934257,40.71212],[-73.93389,40.711335],[-73.933602,40.710671],[-73.932299,40.70775],[-73.932083,40.707052],[-73.931896,40.706355],[-73.931307,40.704258],[-73.931156,40.703774],[-73.930594,40.703472],[-73.929087,40.70262],[-73.927588,40.701763]]]},"properties":{"MODZCTA":"11237","label":"11237"}},{"type":"Feature","geometry":{"type":"Polygon","coordinates":[[[-73.97041,40.672649],[-73.969661,40.672643],[-73.969206,40.672797],[-73.968983,40.672391],[-73.962866,40.663814],[-73.962391,40.663089],[-73.962247,40.663199],[-73.960956,40.663287],[-73.961258,40.664802],[-73.961805,40.667679],[-73.962193,40.669638],[-73.962574,40.671642],[-73.961319,40.671406],[-73.959049,40.670883],[-73.957974,40.670658],[-73.957657,40.671536],[-73.956792,40.671355],[-73.956481,40.672238],[-73.957339,40.672414],[-73.955194,40.678342],[-73.952814,40.677842],[-73.952987,40.67872],[-73.955294,40.679204],[-73.955668,40.681137],[-73.955969,40.682597],[-73.956401,40.684799],[-73.956552,40.685529],[-73.956983,40.68773],[-73.957134,40.688466],[-73.95722,40.689201],[-73.960004,40.688879],[-73.960292,40.690344],[-73.963321,40.69],[-73.965189,40.689781],[-73.964807,40.688326],[-73.966819,40.68809],[-73.967786,40.687986],[-73.970764,40.687636],[-73.971146,40.689546],[-73.972134,40.689579],[-73.971723,40.687526],[-73.97269,40.687417],[-73.973649,40.687301],[-73.973376,40.685885],[-73.972316,40.685457],[-73.972064,40.684243],[-73.97303,40.684145],[-73.972785,40.682855],[-73.97068,40.682421],[-73.970615,40.682245],[-73.970825,40.681614],[-73.971121,40.680851],[-73.972348,40.677447],[-73.972442,40.677162],[-73.971426,40.675756],[-73.97162,40.675466],[-73.971051,40.675235],[-73.971195,40.67507],[-73.971354,40.674796],[-73.971462,40.674302],[-73.97147,40.673901],[-73.971383,40.673511],[-73.971196,40.673132],[-73.970879,40.672715],[-73.97041,40.672649]]]},"properties":{"MODZCTA":"11238","label":"11238"}},{"type":"Feature","geometry":{"type":"MultiPolygon","coordinates":[[[[-73.888289,40.646721],[-73.888174,40.646809],[-73.888202,40.647143],[-73.888303,40.64716],[-73.888447,40.647358],[-73.888577,40.64733],[-73.888642,40.647078],[-73.888534,40.646968],[-73.888469,40.646902],[-73.888289,40.646721]]],[[[-73.878415,40.63891],[-73.877345,40.641083],[-73.877099,40.641604],[-73.876549,40.642641],[-73.875964,40.643645],[-73.875306,40.644654],[-73.874952,40.645143],[-73.874583,40.645609],[-73.876103,40.646214],[-73.877749,40.648406],[-73.878447,40.649346],[-73.881725,40.653752],[-73.8822,40.654444],[-73.882214,40.654521],[-73.884652,40.653453],[-73.886376,40.652736],[-73.887134,40.652396],[-73.888764,40.651689],[-73.889593,40.651339],[-73.890004,40.651147],[-73.891253,40.650023],[-73.89057,40.64921],[-73.89031,40.649363],[-73.890065,40.649325],[-73.889892,40.649209],[-73.889518,40.648868],[-73.889244,40.648747],[-73.889115,40.648594],[-73.888791,40.648313],[-73.888784,40.648204],[-73.888633,40.648022],[-73.888431,40.648006],[-73.88815,40.647874],[-73.887768,40.64789],[-73.887639,40.647802],[-73.887618,40.647516],[-73.887517,40.647417],[-73.887568,40.647269],[-73.887726,40.647143],[-73.887641,40.646594],[-73.887634,40.646325],[-73.887361,40.64599],[-73.887433,40.645935],[-73.887217,40.645682],[-73.887203,40.6456],[-73.886793,40.645237],[-73.886728,40.645133],[-73.886008,40.644572],[-73.886008,40.644501],[-73.885742,40.644182],[-73.885577,40.644039],[-73.884806,40.643945],[-73.884323,40.644104],[-73.883998,40.644367],[-73.883695,40.64435],[-73.883609,40.64446],[-73.883421,40.644526],[-73.883248,40.644438],[-73.883018,40.644179],[-73.882701,40.644047],[-73.882147,40.643745],[-73.882241,40.643454],[-73.882104,40.643256],[-73.881752,40.642905],[-73.881637,40.64274],[-73.88158,40.642509],[-73.881429,40.642372],[-73.880989,40.642218],[-73.88073,40.642179],[-73.880528,40.642058],[-73.880226,40.642102],[-73.880067,40.642003],[-73.880024,40.641717],[-73.880133,40.64152],[-73.880335,40.641393],[-73.880673,40.641454],[-73.88048,40.641119],[-73.880473,40.64096],[-73.880285,40.640993],[-73.88017,40.640899],[-73.880098,40.640652],[-73.879875,40.640493],[-73.879897,40.640361],[-73.879436,40.640168],[-73.879307,40.640069],[-73.879106,40.639756],[-73.878839,40.639465],[-73.878616,40.639366],[-73.878566,40.639042],[-73.878415,40.63891]]]]},"properties":{"MODZCTA":"11239","label":"11239"}}]}